id,url,display_name,site_id,created_at,updated_at
1,http://stackoverflow.com/questions/3195125/copy-a-table-from-one-database-to-another-in-postgres,postgresql - Copy a table from one database to another in Postgres - Stack Overflow,1,11/6/14 23:40,11/6/14 23:40
2,http://stackoverflow.com/questions/1040932/how-to-convert-activerecord-table-name-to-model-class-name,ruby on rails - How to convert ActiveRecord table name to model class name - Stack Overflow,11,10/12/14 19:59,10/12/14 19:59
3,http://stackoverflow.com/questions/7092236/what-is-cdata-in-html,javascript - What is CDATA in HTML - Stack Overflow,11,10/12/14 19:59,10/12/14 19:59
4,http://stackoverflow.com/questions/2472865/properly-using-log4r-in-ruby-application,logging - Properly using Log4r in Ruby Application - Stack Overflow,11,10/12/14 19:59,10/12/14 19:59
5,http://stackoverflow.com/questions/5338252/log4r-include-class-name-in-log-output,ruby - Log4r - include class name in log output - Stack Overflow,11,10/12/14 19:59,10/12/14 19:59
6,http://stackoverflow.com/questions/6713682/contextual-logging-with-log4r,ruby on rails - Contextual Logging with Log4r - Stack Overflow,11,10/12/14 19:59,10/12/14 19:59
7,http://stackoverflow.com/questions/5100299/how-to-get-the-name-of-the-calling-method,ruby - How to get the name of the calling method - Stack Overflow,11,10/12/14 19:59,10/12/14 19:59
8,http://stackoverflow.com/questions/19579536/rails-4-log4r-server-rb78in-start-undefined-method-formatter,ruby - rails 4 log4r serverrb78in start undefined method formatter - Stack Overflow,11,10/12/14 19:59,10/12/14 19:59
9,http://stackoverflow.com/questions/5534300/where-does-the-form-submit-to-if-there-is-no-action-specified,php - Where does the form submit to if there is no action specified - Stack Overflow,11,10/12/14 19:59,10/12/14 19:59
10,http://stackoverflow.com/questions/18844863/sinatra-clears-session-on-post,ruby - Sinatra clears session on post - Stack Overflow,11,10/12/14 19:59,10/12/14 19:59
11,http://stackoverflow.com/questions/11006645/ruby-custom-error-classes-inheritance-of-the-message-attribute,exception - Ruby custom error classes inheritance of the message attribute - Stack Overflow,11,10/12/14 19:59,10/12/14 19:59
12,http://stackoverflow.com/questions/14199784/convert-csv-file-into-array-of-hashes,ruby - Convert CSV file into array of hashes - Stack Overflow,11,10/12/14 19:59,10/12/14 19:59
13,http://stackoverflow.com/questions/10334103/get-table-name-from-activerecord,ruby on rails - Get table name from ActiveRecord - Stack Overflow,11,10/12/14 19:59,10/12/14 19:59
14,http://stackoverflow.com/questions/11584489/how-can-i-translate-activerecord-model-class-name,ruby on rails - How can I translate ActiveRecord model class name - Stack Overflow,11,10/12/14 19:59,10/12/14 19:59
15,http://stackoverflow.com/questions/23979535/creating-dynamic-hash-with-key-and-value-in-ruby-on-rails,creating dynamic hash with key and value in ruby on rails - Stack Overflow,11,10/12/14 19:59,10/12/14 19:59
16,http://stackoverflow.com/questions/14418628/what-is-the-expected-syntax-for-checking-exception-messages-in-minitests-assert,ruby - What is the expected syntax for checking exception messages in MiniTests assertraisesmustraise - Stack Overflow,11,10/12/14 19:59,10/12/14 19:59
17,http://stackoverflow.com/questions/1085218/how-to-check-if-a-given-directory-exists-in-ruby,How to check if a given directory exists in Ruby - Stack Overflow,11,10/12/14 19:59,10/12/14 19:59
18,http://stackoverflow.com/questions/2512254/iterate-through-every-file-in-one-directory,ruby - Iterate through every file in one directory - Stack Overflow,11,10/12/14 19:59,10/12/14 19:59
19,http://stackoverflow.com/questions/1755665/get-names-of-all-files-from-a-folder-with-ruby,Get names of all files from a folder with Ruby - Stack Overflow,11,10/12/14 19:59,10/12/14 19:59
20,http://stackoverflow.com/questions/18044627/sinatra-1-4-3-use-racksessioncookie-warning,ruby - Sinatra143 use RackSessionCookie warning - Stack Overflow,11,10/12/14 19:59,10/12/14 19:59
21,http://stackoverflow.com/questions/10374871/no-secret-option-provided-to-racksessioncookie-warning,ruby on rails - No secret option provided to RackSessionCookie warning - Stack Overflow,11,10/12/14 19:59,10/12/14 19:59
22,http://stackoverflow.com/questions/8475694/how-to-specify-in-crontab-by-what-user-to-run-script,ubuntu - How to specify in crontab by what user to run script - Stack Overflow,11,10/12/14 20:19,10/12/14 20:19
23,http://slashdot.org/,Slashdot,1,10/12/14 20:35,10/12/14 20:35
24,http://arstechnica.com/,Ars Technica,6,10/12/14 20:35,10/12/14 20:55
25,http://arstechnica.com/science/2014/10/nurse-who-treated-dallas-ebola-patient-is-infected/,Nurse Who Treated Dallas Ebola Patient Is Infected,6,10/12/14 20:35,10/12/14 20:35
26,http://arstechnica.com/civis/,Ars Technica OpenForum,6,10/12/14 20:35,10/12/14 20:55
27,http://arstechnica.com/civis/viewforum.php?f=6&sid=08acc6f3854d69b1335425b8d032b109,Civis,6,10/12/14 20:35,10/12/14 20:35
28,http://arstechnica.com/civis/viewtopic.php?f=6&t=1229549,Civis,6,10/12/14 20:35,10/12/14 20:35
29,http://arstechnica.com/civis/index.php,Civis,6,10/12/14 20:35,10/12/14 20:35
30,http://arstechnica.com/gadgets/2014/10/guitar-hero-ars-builds-the-loog-a-kickstarter-funded-mini-rocker-kit/,Guitar Hero Ars Builds The,6,10/12/14 20:35,10/12/14 20:35
31,http://arstechnica.com/information-technology/,Technology Lab  Ars Technica,6,10/12/14 20:35,10/13/14 0:20
32,http://arstechnica.com/security/2014/10/snapchat-images-stolen-from-third-party-web-app-using-hacked-api/,Snapchat Images Stolen,6,10/12/14 20:35,10/12/14 20:35
33,http://arstechnica.com/information-technology/2014/10/why-throw-early-and-catch-late/,Why throw early and catch late  Ars Technica,6,10/12/14 20:40,10/13/14 0:20
34,http://www.npr.org/,NPR  National Public Radio  News  Analysis World US Music  Arts  NPR,4,10/12/14 20:45,10/12/14 20:55
35,http://www.npr.org/blogs/thetwo-way/2014/10/12/355537175/texas-health-care-worker-tests-positive-for-ebola,CDC Cites Breach In Ebola Protocol As Second Texas Case Emerges  The Two-Way  NPR,4,10/12/14 20:45,10/12/14 20:55
36,http://www.npr.org/blogs/thetwo-way/2014/10/12/355104609/cyclone-hudhud-blasts-india-with-winds-topping-120-mph,Cyclone Hud Hud,4,10/12/14 20:45,10/12/14 20:45
37,http://www.theverge.com/,The Verge,7,10/12/14 20:45,10/12/14 20:45
38,http://www.theverge.com/2014/10/9/6873263/automata-review,The Verge - Automata Review,7,10/12/14 20:45,10/12/14 20:45
39,http://www.theverge.com/2014/10/7/6882427/king-of-keys,The Verge - King of Keys,7,10/12/14 20:50,10/12/14 20:50
40,http://arstechnica.com/business/,Ministry of Innovation  Ars Technica,6,10/12/14 20:55,10/12/14 20:55
41,http://arstechnica.com/business/2014/10/slow-credit-card-verification-lands-florida-man-in-jail/,Slow credit card verification lands Florida man in jail  Ars Technica,6,10/12/14 20:55,10/12/14 20:55
42,http://arstechnica.com/tech-policy/2014/10/former-nsa-director-had-thousands-personally-invested-in-obscure-tech-firms/,Former NSA director had thousands personally invested in obscure tech firms  Ars Technica,6,10/12/14 20:55,10/12/14 20:55
43,http://arstechnica.com/tech-policy/,Law  Disorder  Ars Technica,6,10/12/14 20:55,10/12/14 20:55
44,http://arstechnica.com/tech-policy/2014/10/the-catch-22-predicament-of-silk-road-defendant-ross-ulbricht/,The catch-22 predicament of Silk Road defendant Ross Ulbricht  Ars Technica,6,10/12/14 20:55,10/12/14 20:55
45,http://www.npr.org/blogs/thetwo-way/2014/10/12/355587809/in-st-louis-a-rally-and-protests-over-police-shootings,In St Louis A Rally And Protests Over Police Shootings  The Two-Way  NPR,4,10/12/14 20:55,10/12/14 20:55
46,http://www.npr.org/blogs/thetwo-way/127602331/economy/,Economy  NPR,4,10/12/14 20:55,10/12/14 20:55
47,http://www.npr.org/blogs/thetwo-way/2014/10/03/353487113/how-tough-is-the-mortgage-market-even-bernanke-cant-get-refinanced,How Tough Is The Mortgage Market Even Former Fed Chairman Ben Bernanke Cant Get Refinanced  The Two-Way  NPR,4,10/12/14 20:55,10/12/14 20:55
48,http://www.npr.org/blogs/thetwo-way/2014/10/11/355344204/kmart-says-its-store-registers-were-hacked-exposing-credit-cards,Kmart Says Its Store Registers Were Hacked Exposing Credit Cards  The Two-Way  NPR,4,10/12/14 20:55,10/12/14 20:55
49,http://www.npr.org/blogs/thetwo-way/,The Two-Way Breaking News From NPR  NPR,4,10/12/14 20:55,10/12/14 20:55
50,http://www.nytimes.com/,The New York Times - Breaking News World News  Multimedia,5,10/12/14 21:00,10/12/14 21:00
51,http://tech-beta.slashdot.org/story/14/10/12/232230/independent-researchers-test-rossis-alleged-cold-fusion-device-for-32-days,Independent Researchers Test Rossis Alleged Cold Fusion Device For 32 Days - Slashdot,1,10/13/14 0:15,10/13/14 0:15
52,http://beta.slashdot.org/,Slashdot News for nerds stuff that matters,1,10/13/14 0:15,10/13/14 0:15
53,http://build-beta.slashdot.org/,Slashdot News for nerds stuff that matters,1,10/13/14 0:15,10/13/14 0:15
54,http://beta.slashdot.org/stories/opensource,Slashdot News for nerds stuff that matters,1,10/13/14 0:15,10/13/14 0:15
55,http://apple-beta.slashdot.org/story/14/09/30/1228234/apple-fixes-shellshock-in-os-x,Apple Fixes Shellshock In OS X - Slashdot,1,10/13/14 0:15,10/13/14 0:15
56,http://developers-beta.slashdot.org/story/14/09/29/1107204/how-to-find-the-right-open-source-project-to-get-involved-with,How To Find the Right Open Source Project To Get Involved With - Slashdot,1,10/13/14 0:20,10/13/14 0:20
57,http://arstechnica.com/science/2014/10/gallery-more-unhealed-wounds-from-washingtons-nearly-forgotten-flood/,Gallery More unhealed wounds from Washingtons nearly forgotten flood  Ars Technica,6,10/13/14 0:20,10/13/14 0:20
58,http://arstechnica.com/cars/,Cars Technica  Ars Technica,6,10/13/14 0:20,10/13/14 0:20
59,http://arstechnica.com/cars/2014/10/tesla-motors-gives-us-the-d-dual-motor-all-wheel-drive-model-s-variants/,Tesla Motors gives us the Ddual-motor all-wheel drive Model S variants  Ars Technica,6,10/13/14 0:20,10/13/14 0:20
60,http://techcrunch.com/2014/10/11/edward-snowden-new-yorker-festival/,Edward Snowdens Privacy Tips Get Rid Of Dropbox Avoid Facebook And Google  TechCrunch,2,10/13/14 12:45,10/13/14 12:45
61,http://stackoverflow.com/questions/17083410/detect-which-method-called-the-routing-condition-in-sinatra,ruby - Detect which method called the routing condition in Sinatra - Stack Overflow,11,10/16/14 18:25,10/16/14 18:25
62,http://techcrunch.com/2014/10/07/tinyscreen-lets-you-put-a-tiny-screen-on-it/?ncid=rss&cps=gravity,TinyScreen Lets You Put A Tiny Screen On It  TechCrunch,2,10/13/14 12:45,10/13/14 12:45
63,http://stackoverflow.com/questions/7983533/recursive-file-list-in-ruby,recursive file list in Ruby - Stack Overflow,11,10/13/14 15:05,10/13/14 15:05
64,http://stackoverflow.com/questions/4474918/file-expand-path-gemfile-file-how-does-this-work-where-is-the-fil,ruby - FileexpandpathGemfile FILE How does this work Where is the file - Stack Overflow,11,10/13/14 15:10,10/13/14 15:10
65,http://stackoverflow.com/questions/2370702/one-liner-to-recursively-list-directories-in-ruby,filesystems - One-liner to Recursively List Directories in Ruby - Stack Overflow,11,10/13/14 15:10,10/13/14 15:10
66,http://stackoverflow.com/questions/18393498/gitignore-all-the-ds-store-files-in-every-folder-and-subfolder,gitignore all the DSStore files in every folder and subfolder - Stack Overflow,11,10/13/14 20:05,10/13/14 20:05
67,http://stackoverflow.com/questions/5277230/are-there-any-restrictions-on-postgres-column-alias-names,sql - Are there any restrictions on Postgres column alias names - Stack Overflow,11,10/13/14 21:00,10/13/14 21:00
68,http://stackoverflow.com/questions/15917064/table-or-column-name-cannot-start-with-numeric,sql - Table or column name cannot start with numeric - Stack Overflow,11,10/13/14 21:10,10/13/14 21:10
69,http://www.washingtonpost.com/blogs/the-switch/wp/2014/10/13/democrats-push-obama-quality-digital-tools-all-the-way-down-to-state-house-races/,Democrats push Obama-quality digital tools all the way down to state House races - The Washington Post,10,10/13/14 22:25,10/13/14 22:25
70,http://stackoverflow.com/questions/9571768/how-to-add-new-item-to-hash,ruby - How to add new item to hash - Stack Overflow,11,10/14/14 0:20,10/14/14 0:20
71,http://stackoverflow.com/questions/17877220/how-should-hateoas-style-links-be-implemented-for-restful-json-collections,rest - How should HATEOAS style links be implemented for RESTful JSON collections - Stack Overflow,11,10/14/14 1:00,10/14/14 1:00
72,http://stackoverflow.com/questions/6016783/sinatra-how-do-i-get-the-servers-domain-name,ruby - Sinatra - how do I get the servers domain name - Stack Overflow,11,10/14/14 1:05,10/14/14 1:05
73,http://stackoverflow.com/questions/11689720/how-to-add-conditional-where-clauses-in-rails,sql - How to add conditional where clauses in rails - Stack Overflow,11,10/14/14 2:10,10/14/14 2:10
74,http://stackoverflow.com/questions/4104255/rest-url-design-for-greater-than-less-than-operations,api - REST URL design for greater than less than operations - Stack Overflow,11,10/14/14 3:45,10/14/14 3:45
75,http://gizmodo.com/change-your-password-hackers-are-leaking-dropbox-user-1645981100?utm_campaign=socialflow_gizmodo_facebook&utm_source=gizmodo_facebook&utm_medium=socialflow,Change Your Password Hackers Claim Hundreds of Dropbox Passwords Leaked,3,10/14/14 13:10,10/14/14 13:10
76,http://stackoverflow.com/questions/18398626/why-did-gitlab-6-switch-back-to-unicorn,ruby on rails - why did gitlab 6 switch back to unicorn - Stack Overflow,11,10/14/14 14:00,10/14/14 14:00
77,http://stackoverflow.com/questions/67699/how-to-clone-all-remote-branches-with-git,git branch - How to clone all remote branches with Git - Stack Overflow,11,10/14/14 14:40,10/14/14 14:40
78,http://stackoverflow.com/questions/5709687/what-are-the-loose-objects-that-the-git-gui-refers-to,What are the loose objects that the Git GUI refers to - Stack Overflow,11,10/14/14 15:30,10/14/14 15:30
79,http://stackoverflow.com/questions/2100907/how-to-remove-delete-a-large-file-from-commit-history-in-git-repository,version control - How to removedelete a large file from commit history in Git repository - Stack Overflow,11,10/14/14 15:35,10/14/14 15:35
80,http://stackoverflow.com/questions/17482440/why-do-we-need-nginx-with-thin-on-production-setup,ruby on rails - Why do we need nginx with thin on production setup - Stack Overflow,11,10/14/14 16:15,10/14/14 16:15
81,http://stackoverflow.com/questions/11062533/cant-run-thin-web-server-as-a-service-thin-unrecognized-service,cant run thin web server as a service - thin unrecognized service - Stack Overflow,11,10/14/14 16:30,10/14/14 16:30
82,http://stackoverflow.com/questions/5100149/how-to-start-thin-in-default-port,ruby - how to start thin in default port - Stack Overflow,11,10/14/14 16:55,10/14/14 16:55
83,http://stackoverflow.com/questions/20997476/ruby-start-thin-no-adapter-found-for-home-ubuntu,Ruby  start thin  No adapter found for homeubuntu - Stack Overflow,11,10/14/14 16:55,10/14/14 16:55
84,http://stackoverflow.com/questions/9242302/why-do-i-get-thin-adapter-not-found,ruby on rails - Why do I get Thin adapter not found - Stack Overflow,11,10/14/14 17:00,10/14/14 17:00
85,http://mobile.nytimes.com/2014/10/12/us/is-e-reading-to-your-toddler-story-time-or-simply-screen-time.html?referrer&_r=3,Is E-Reading to Your Toddler Story Time or Simply Screen Time - NYTimescom,5,10/14/14 19:20,10/14/14 19:20
86,http://techcrunch.com/2014/10/14/product-psychology-explains-how-to-get-users-hooked-on-products-designed-around-habit-and-context/,Product Psychology Explains How To Get Users Hooked On Products Designed Around Habit And Context  TechCrunch,2,10/15/14 12:25,10/15/14 12:25
87,http://techcrunch.com/2013/01/16/hack-design-teaches-design-to-hackers-has-already-signed-up-over-20k-developers/,Hack Design Teaches Design To Hackers Has Already Signed Up Over 20K Developers  TechCrunch,2,10/15/14 12:25,10/15/14 12:25
88,http://www.theverge.com/2014/10/14/6978809/utah-state-university-receives-shooting-threat-for-anita-sarkeesian-visit,Massacre threat forces Anita Sarkeesian to cancel university talk  The Verge,7,10/15/14 18:30,10/15/14 18:30
89,http://www.nytimes.com/2011/08/07/nyregion/hudson-river-valley-draws-brooklynites.html?pagewanted=all&_r=0,Hudson River Valley Draws Brooklynites - NYTimescom,5,10/15/14 21:00,10/15/14 21:00
90,http://stackoverflow.com/questions/4931046/tutorials-for-writing-dsl-in-ruby,Tutorials for writing DSL in Ruby - Stack Overflow,11,10/16/14 2:55,10/16/14 2:55
91,http://www.washingtonpost.com/blogs/wonkblog/wp/2014/10/15/after-california-decriminalized-weed-teen-arrest-overdose-and-dropout-rates-fell/,After California decriminalized marijuana teen arrest overdose and dropout rates fell - The Washington Post,10,10/16/14 12:55,10/16/14 12:55
92,http://www.washingtonpost.com/blogs/wonkblog/wp/2014/10/09/no-marijuana-is-not-actually-as-addictive-as-heroin/,No marijuana is not actually as addictive as heroin - The Washington Post,10,10/16/14 13:00,10/16/14 13:00
93,http://www.washingtonpost.com/blogs/wonkblog/wp/2014/10/15/obamas-nominee-for-a-top-doj-slot-has-said-states-should-legalize-marijuana-thats-a-huge-deal/?tid=collaborative_1.0_strip_1,Obamas nominee for a top DOJ slot has said states should legalize marijuana Thats a huge deal - The Washington Post,10,10/16/14 13:00,10/16/14 13:00
94,http://www.nytimes.com/2010/05/16/magazine/16Worth-t.html?_r=0,Net-Worth Obsession - NYTimescom,5,10/16/14 13:30,10/16/14 13:30
95,http://www.nytimes.com/2010/05/16/magazine/16Worth-t.html?pagewanted=2&_r=0,Net-Worth Obsession - NYTimescom,5,10/16/14 13:30,10/16/14 13:30
96,http://www.nytimes.com/2010/05/16/magazine/16Worth-t.html?pagewanted=3&_r=0,Net-Worth Obsession - NYTimescom,5,10/16/14 13:30,10/16/14 13:30
97,http://stackoverflow.com/questions/4788288/how-to-run-all-the-tests-with-minitest,ruby - how to run all the tests with minitest - Stack Overflow,11,10/16/14 16:15,10/16/14 16:15
98,http://stackoverflow.com/questions/7492885/how-to-use-ruby-to-parse-the-json-response-given-by-foursquare-api,How to use ruby to parse the json response given by foursquare API - Stack Overflow,11,10/16/14 16:25,10/16/14 16:25
99,http://stackoverflow.com/questions/22270960/problems-querying-json-nested-hash-response-in-ruby,Problems querying JSON nested hash response in Ruby - Stack Overflow,11,10/16/14 16:25,10/16/14 16:25
100,http://stackoverflow.com/questions/8298484/extract-some-json-using-nokogiri,ruby - Extract some JSON using Nokogiri - Stack Overflow,11,10/16/14 16:40,10/16/14 16:40
101,http://stackoverflow.com/questions/22187127/test-helper-method-with-minitest,ruby on rails 4 - Test helper method with Minitest - Stack Overflow,11,10/16/14 16:45,10/16/14 16:45
102,http://stackoverflow.com/questions/4395095/how-to-generate-a-random-number-between-a-and-b-in-ruby,How to generate a random number between a and b in Ruby - Stack Overflow,11,10/16/14 16:50,10/16/14 16:50
103,http://stackoverflow.com/questions/5348449/get-a-particular-key-value-from-json-in-ruby,Get a particular key value from json in ruby - Stack Overflow,11,10/16/14 16:50,10/16/14 16:50
104,http://stackoverflow.com/questions/8205888/trying-to-extract-key-value-from-parsed-json-in-ruby,Trying to extract key value from parsed JSON in ruby - Stack Overflow,11,10/16/14 16:50,10/16/14 16:50
105,http://stackoverflow.com/questions/7930129/how-do-i-extract-a-value-from-a-json-response,ruby - How do I extract a value from a JSON response - Stack Overflow,11,10/16/14 16:55,10/16/14 16:55
106,http://stackoverflow.com/questions/4500375/double-pipe-symbols-in-ruby-variable-assignment,boolean - Double Pipe Symbols in Ruby Variable Assignment - Stack Overflow,11,10/16/14 16:55,10/16/14 16:55
107,http://stackoverflow.com/questions/995593/what-does-or-equals-mean-in-ruby,operators - What does  or-equals mean in Ruby - Stack Overflow,11,10/16/14 16:55,10/16/14 16:55
108,http://stackoverflow.com/questions/160890/generating-random-numbers-in-objective-c?rq=1,Generating Random Numbers in Objective-C - Stack Overflow,11,10/16/14 17:30,10/16/14 17:30
109,http://stackoverflow.com/questions/2240535/how-do-i-use-hash-keys-as-methods-on-a-class,ruby - How do I use hash keys as methods on a class - Stack Overflow,11,10/16/14 17:45,10/16/14 17:45
110,http://stackoverflow.com/questions/2004491/convert-string-to-symbol-able-in-ruby,Convert string to symbol-able in ruby - Stack Overflow,11,10/16/14 18:00,10/16/14 18:00
111,http://stackoverflow.com/questions/1604305/all-but-last-element-of-ruby-array,All but last element of Ruby array - Stack Overflow,11,10/16/14 18:55,10/16/14 18:55
112,http://stackoverflow.com/questions/21958727/where-to-store-ansible-host-file-on-osx,Where to store Ansible host file on osx - Stack Overflow,11,10/16/14 19:30,10/16/14 19:30
113,http://www.nytimes.com/2014/10/17/business/cbs-to-offer-web-subscription-service.html?_r=0,CBS Offers Web Service as TV Unbundles Itself - NYTimescom,5,10/16/14 19:40,10/16/14 19:40
114,http://stackoverflow.com/questions/19280341/create-directory-if-it-doesnt-exist-with-ruby,Create Directory if it doesnt exist with Ruby - Stack Overflow,11,10/17/14 18:35,10/17/14 18:35
115,http://stackoverflow.com/questions/2543034/ruby-sleep-or-delay-less-than-a-second,Ruby sleep or delay less than a second - Stack Overflow,11,10/17/14 19:25,10/17/14 19:25
116,http://stackoverflow.com/questions/19638810/cant-install-debugger-gem-rails-mac-osx-mavericks,ruby - Cant install Debugger gem - Rails - Mac OSX Mavericks - Stack Overflow,11,10/17/14 19:35,10/17/14 19:35
117,http://stackoverflow.com/questions/1083451/debugging-in-ruby-1-9/10414984#10414984,Debugging in ruby 19 - Stack Overflow,11,10/17/14 19:35,10/17/14 19:35
118,http://stackoverflow.com/questions/8087100/ruby-debug-with-ruby-1-9-3,ruby-debug with Ruby 193 - Stack Overflow,11,10/17/14 19:35,10/17/14 19:35
119,http://stackoverflow.com/questions/7454310/rubygems-do-not-install-on-os-x-lion,ruby on rails - Rubygems do not install on OS X Lion - Stack Overflow,11,10/17/14 19:50,10/17/14 19:50
120,http://stackoverflow.com/questions/12256106/os-x-mountain-lion-gcc-4-2-no-such-file-or-directory,ruby - OS X Mountain Lion gcc-42 No such file or directory - Stack Overflow,11,10/17/14 19:50,10/17/14 19:50
121,http://stackoverflow.com/questions/710521/when-i-try-sudo-gem-install-json-i-get-the-following-error,ruby - When i try sudo gem install json I get the following error - Stack Overflow,11,10/17/14 19:50,10/17/14 19:50
122,http://stackoverflow.com/questions/19580685/installing-rails-on-mavericks,osx - Installing Rails on Mavericks - Stack Overflow,11,10/17/14 19:55,10/17/14 19:55
123,http://stackoverflow.com/questions/16500779/installing-rvm-hangs-on-mac-os-x,osx - Installing rvm hangs on mac os x - Stack Overflow,11,10/17/14 20:40,10/17/14 20:40
124,http://stackoverflow.com/questions/7329019/gnu-gcc-4-6-1-compiler-on-mac-os-x-lion,c - GNU GCC 461 compiler on Mac OS X Lion - Stack Overflow,11,10/17/14 20:45,10/17/14 20:45
125,http://stackoverflow.com/questions/12296910/so-jsonp-or-cors,So JSONP or CORS - Stack Overflow,11,10/18/14 14:20,10/18/14 14:20
126,http://stackoverflow.com/questions/5584923/a-cors-post-request-works-from-plain-javascript-but-why-not-with-jquery,A CORS POST request works from plain javascript but why not with jQuery - Stack Overflow,11,10/18/14 14:30,10/18/14 14:30
127,http://stackoverflow.com/questions/5750696/how-to-get-a-cross-origin-resource-sharing-cors-post-request-working,jquery - How to get a cross-origin resource sharing CORS post request working - Stack Overflow,11,10/18/14 14:30,10/18/14 14:30
128,http://stackoverflow.com/questions/23432798/jquery-and-xhr-cross-site-json-post-with-cors,javascript - JQuery and XHR -- Cross-site JSON POST with CORS - Stack Overflow,11,10/18/14 14:30,10/18/14 14:30
129,http://stackoverflow.com/questions/16398885/ie8-9-ajax-cors-xdomainrequest-send-referer-header,javascript - IE89 AJAXCORS XDomainRequest send referer header - Stack Overflow,11,10/18/14 17:10,10/18/14 17:10
130,http://stackoverflow.com/questions/17537471/what-is-the-max-files-per-directory-in-ext4,filesystems - what is the max files per directory in EXT4 - Stack Overflow,11,10/18/14 19:55,10/18/14 19:55
131,http://stackoverflow.com/questions/22104635/rvm-installation-error,ruby on rails - RVM Installation Error - Stack Overflow,11,10/18/14 20:00,10/18/14 20:00
132,http://stackoverflow.com/questions/26218272/ruby-on-rails-rubymine-debugger-issues,Ruby on Rails RubyMine debugger issues - Stack Overflow,11,10/18/14 20:15,10/18/14 20:15
133,http://stackoverflow.com/questions/7047496/how-to-set-thin-as-default-in-rails-3,ruby - How to set Thin as default in Rails 3 - Stack Overflow,11,10/18/14 20:35,10/18/14 20:35
134,http://stackoverflow.com/questions/4795447/rubys-file-open-and-the-need-for-f-close,Rubys Fileopen and the need for fclose - Stack Overflow,11,10/18/14 22:55,10/18/14 22:55
135,http://stackoverflow.com/questions/14107398/is-it-common-to-set-objects-to-nil,ruby - Is it common to set objects to nil - Stack Overflow,11,10/18/14 22:55,10/18/14 22:55
136,http://stackoverflow.com/questions/20956401/how-do-i-track-down-a-memory-leak-in-my-ruby-code,How do I track down a memory leak in my Ruby code - Stack Overflow,11,10/18/14 23:00,10/18/14 23:00
137,http://stackoverflow.com/questions/927358/undo-the-last-git-commit,Undo the last Git commit - Stack Overflow,11,10/18/14 23:25,10/18/14 23:25
138,http://stackoverflow.com/questions/2541545/is-there-a-difference-between-git-reset-hard-hash-and-git-checkout-hash,Is there a difference between git reset --hard hash and git checkout hash - Stack Overflow,11,10/18/14 23:30,10/18/14 23:30
139,http://stackoverflow.com/questions/2530060/can-you-explain-what-git-reset-does-in-plain-english,Can you explain what git reset does in plain english - Stack Overflow,11,10/18/14 23:30,10/18/14 23:30
140,http://stackoverflow.com/questions/3824369/ruby-convert-time-to-seconds,Ruby Convert time to seconds - Stack Overflow,11,10/19/14 0:25,10/19/14 0:25
141,http://stackoverflow.com/questions/9890529/why-would-i-want-to-use-unicorn-or-thin-instead-of-webrick-for-development-purpo,ruby on rails - Why would I want to use unicorn or thin instead of WEBrick for development purposes - Stack Overflow,11,10/19/14 0:45,10/19/14 0:45
142,http://stackoverflow.com/questions/10859671/webrick-as-production-server-vs-thin-or-unicorn,ruby on rails - Webrick as production server vs Thin or Unicorn - Stack Overflow,11,10/19/14 0:45,10/19/14 0:45
143,http://stackoverflow.com/questions/15127764/rest-url-for-resource-collection-which-filters-resource-by-attribute-not-equal,REST url for resource collection which filters resource by attribute not equal to a given value - Stack Overflow,11,10/19/14 1:00,10/19/14 1:00
144,http://stackoverflow.com/questions/1872110/is-ruby-pass-by-reference-or-by-value,Is Ruby pass by reference or by value - Stack Overflow,11,10/19/14 15:10,10/19/14 15:10
145,https://myaccount.nytimes.com/link/kindle?campaignId=388XF,The New York Times  Find Your Kindle Subscription,5,10/19/14 15:40,10/19/14 15:40
146,https://myaccount.nytimes.com/auth/login?URI=https://myaccount.nytimes.com/membercenter&OQ=_rQ3D0&OP=7920676Q2FQ5BQ3FQ3BQ5EQ5BQ25)Q5EQ5BuuuQ5BbQ5EDpQ5BQ3BfQ3FQ5ETQ5CQ5ETQ20Q5BDTDYTfQ5CTQ25Q5ETfQ5BD)IQ5CQ5CQ3F-Q25Q5ErQ3BbQ3B,Log In - The New York Times,5,10/19/14 15:40,10/19/14 15:40
147,http://www.nytimes.com/2014/10/19/nyregion/story-excerpt-traveling-from-brooklyn.html?hp&action=click&pgtype=Homepage&version=LargeMediaHeadlineSum&module=photo-spot-region&region=top-news&WT.nav=top-news&_r=0,Story Excerpt Traveling From Brooklyn - NYTimescom,5,10/19/14 15:40,10/19/14 15:40
148,http://www.washingtonpost.com/local/crime/police-to-hold-briefing-in-hannah-graham-case/2014/10/18/9a22d396-570a-11e4-892e-602188e70e9c_story.html?hpid=z1,Remains found in search for U-Va student believed to be Hannah Grahams - The Washington Post,10,10/19/14 15:45,10/19/14 15:45
149,http://stackoverflow.com/questions/8414786/javascript-cross-domain-call-call-from-http-to-https,ajax - JavaScript cross-domain call call from HTTP to HTTPS - Stack Overflow,11,10/19/14 17:05,10/19/14 17:05
150,http://stackoverflow.com/questions/11690191/cross-domain-request-from-http-to-https-aborts-immediately,javascript - Cross domain request from HTTP to HTTPS aborts immediately - Stack Overflow,11,10/19/14 17:10,10/19/14 17:10
151,http://stackoverflow.com/questions/11109279/determine-location-of-ruby-gems,Determine Location Of Ruby Gems - Stack Overflow,11,10/19/14 21:25,10/19/14 21:25
152,http://stackoverflow.com/questions/5046831/why-use-rubys-attr-accessor-attr-reader-and-attr-writer,Why use Rubys attraccessor attrreader and attrwriter - Stack Overflow,11,10/19/14 22:25,10/19/14 22:25
153,http://stackoverflow.com/questions/4252936/how-do-i-use-the-conditional-operator-in-ruby,How do I use the conditional operator   in Ruby - Stack Overflow,11,10/19/14 22:40,10/19/14 22:40
154,http://stackoverflow.com/questions/22597989/how-to-define-a-class-in-ruby-when-using-sequel,sinatra - How to define a class in Ruby when using Sequel - Stack Overflow,11,10/19/14 22:40,10/19/14 22:40
155,http://stackoverflow.com/questions/16576477/how-do-functions-use-hash-arguments-in-ruby,methods - How do functions use hash arguments in Ruby - Stack Overflow,11,10/19/14 22:50,10/19/14 22:50
156,http://stackoverflow.com/questions/18289152/what-does-a-double-splat-operator-do,ruby - What does a double  splat operator do - Stack Overflow,11,10/19/14 22:55,10/19/14 22:55
157,http://stackoverflow.com/questions/17287623/how-do-we-verify-if-sequel-connect-opened-our-sqlite3-database-in-rails,ruby - How do we verify if Sequelconnect opened our SQLite3 database in Rails - Stack Overflow,11,10/19/14 23:15,10/19/14 23:15
158,http://stackoverflow.com/questions/1300420/good-php-metric-tools,Good PHP Metric tools - Stack Overflow,11,10/19/14 23:40,10/19/14 23:40
159,http://stackoverflow.com/questions/8258517/how-to-check-whether-a-string-contains-a-substring-in-ruby,How to check whether a string contains a substring in Ruby - Stack Overflow,11,10/19/14 23:55,10/19/14 23:55
160,http://stackoverflow.com/questions/14992293/providing-complex-filtering-rest-api,Providing complex filtering REST API - Stack Overflow,11,10/23/14 13:05,10/23/14 13:05
161,http://stackoverflow.com/questions/948135/how-can-i-write-a-switch-statement-in-ruby,How can I write a switch statement in Ruby - Stack Overflow,11,10/20/14 0:00,10/20/14 0:00
162,http://stackoverflow.com/questions/1020568/how-to-convert-a-string-to-lower-or-upper-case-in-ruby,How to convert a string to lower or upper case in Ruby - Stack Overflow,11,10/20/14 0:15,10/20/14 0:15
163,http://stackoverflow.com/questions/1069155/is-string-a-value-type-or-a-reference-type,net - Is string a value type or a reference type - Stack Overflow,11,10/20/14 0:15,10/20/14 0:15
164,http://stackoverflow.com/questions/7749416/check-whether-a-variable-is-a-string-in-ruby,idioms - Check whether a variable is a string in Ruby - Stack Overflow,11,10/20/14 0:15,10/20/14 0:15
165,http://stackoverflow.com/questions/2083112/difference-between-or-and-in-ruby,operators - Difference between or and  in Ruby - Stack Overflow,11,10/20/14 0:20,10/20/14 0:20
166,http://stackoverflow.com/questions/7365897/ruby-multiple-print-on-the-same-line,printing - Ruby multiple print on the same line - Stack Overflow,11,10/20/14 0:25,10/20/14 0:25
167,http://stackoverflow.com/questions/12103926/sqlite-query-like,sql - SQLite query LIKE - Stack Overflow,11,10/20/14 0:35,10/20/14 0:35
168,http://stackoverflow.com/questions/15200165/how-to-use-the-debugger-with-ruby-2-0,debugging - How to use the debugger with ruby 20 - Stack Overflow,11,10/20/14 14:15,10/20/14 14:15
169,http://bits.blogs.nytimes.com/2014/10/20/amazons-new-high-end-kindle-beats-hardcovers/?_php=true&_type=blogs&smid=fb-nytimes&smtyp=cur&bicmp=AD&bicmlukp=WT.mc_id&bicmst=1409232722000&bicmet=1419773522000&_r=0,Amazons New High-End Kindle Beats Hardcovers - NYTimescom,5,10/20/14 14:45,10/20/14 14:45
170,http://stackoverflow.com/questions/1137060/where-does-postgresql-store-the-database,Where does PostgreSQL store the database - Stack Overflow,11,10/20/14 15:20,10/20/14 15:20
171,http://www.nytimes.com/2010/09/26/business/26gret.html?pagewanted=all,Fair Game - The Perils of the Online Shareholders Meeting - NYTimescom,5,10/20/14 18:00,10/20/14 18:00
172,http://stackoverflow.com/questions/4791320/route-handlers-inside-a-class,ruby - Route Handlers Inside a Class - Stack Overflow,11,10/21/14 0:45,10/21/14 0:45
173,http://stackoverflow.com/questions/9104766/how-do-i-config-ru-properly-in-modular-sinatra-application,ruby - How do I configru properly in modular Sinatra application - Stack Overflow,11,10/21/14 0:45,10/21/14 0:45
174,http://stackoverflow.com/questions/8356750/converting-to-modular-sinatra-app-breaks-tests,testing - Converting to modular sinatra app breaks tests - Stack Overflow,11,10/21/14 1:10,10/21/14 1:10
175,http://stackoverflow.com/questions/14236296/asynchronous-function-call-in-php,Asynchronous Function Call in PHP - Stack Overflow,11,10/21/14 1:50,10/21/14 1:50
176,http://stackoverflow.com/questions/13841092/php-threading-call-to-a-php-function-asynchronously,PHP threading call to a php function asynchronously - Stack Overflow,11,10/21/14 1:50,10/21/14 1:50
177,http://stackoverflow.com/questions/9522536/web-based-rest-api-browser-explorer-navigator-rambler,Web-based REST API browser explorer navigator rambler - Stack Overflow,11,10/21/14 2:15,10/21/14 2:15
178,http://stackoverflow.com/questions/6643964/asynchronous-http-request-in-ruby,asynchronous http request in ruby - Stack Overflow,11,10/21/14 2:35,10/21/14 2:35
179,http://stackoverflow.com/questions/2128320/making-multiple-http-requests-asynchronously,ruby - Making multiple HTTP requests asynchronously - Stack Overflow,11,10/21/14 2:35,10/21/14 2:35
180,http://stackoverflow.com/election,Community Moderator Elections - Stack Overflow,11,10/21/14 17:05,10/21/14 17:05
181,http://stackoverflow.com/questions/15502799/ruby-function-list-file-recursively,Ruby function list file recursively - Stack Overflow,11,10/21/14 17:05,10/21/14 17:05
182,http://stackoverflow.com/questions/9055096/from-json-to-a-ruby-hash,from json to a ruby hash - Stack Overflow,11,10/21/14 18:05,10/21/14 18:05
183,http://stackoverflow.com/questions/17936340/unresolved-specs-during-gemspecification-reset,ruby - Unresolved specs during GemSpecificationreset - Stack Overflow,11,10/21/14 19:05,10/21/14 19:05
184,http://stackoverflow.com/questions/6233124/where-to-place-access-config-file-in-gem,ruby - Where to placeaccess config file in gem - Stack Overflow,11,10/21/14 22:00,10/21/14 22:00
185,http://www.washingtonpost.com/blogs/wonkblog/wp/2014/10/21/vulnerable-democrats-are-trying-to-distance-themselves-from-obama-but-their-voting-records-tell-a-very-different-story/?Post+generic=%3Ftid%3Dsm_twitter_washingtonpost,Vulnerable Democrats are trying to distance themselves from Obama But their voting records tell a very different story - The Washington Post,10,10/21/14 22:10,10/21/14 22:10
186,http://www.washingtonpost.com/blogs/wonkblog/wp/2014/10/21/temperatures-have-been-above-average-for-355-straight-months/,Climate records are breaking so often now weve stopped paying attention - The Washington Post,10,10/21/14 22:15,10/21/14 22:15
187,http://stackoverflow.com/questions/13916046/display-http-headers-using-openuri,ruby - Display HTTP headers using OpenURI - Stack Overflow,11,10/21/14 22:15,10/21/14 22:15
188,http://stackoverflow.com/questions/101212/is-there-a-more-user-friendly-alternative-to-nethttp-for-interacting-with-rest,ruby - Is there a more user friendly alternative to NetHTTP for interacting with REST APIs - Stack Overflow,11,10/21/14 22:20,10/21/14 22:20
189,http://stackoverflow.com/questions/242602/how-do-i-make-a-post-request-with-open-uri,ruby - How do I make a POST request with open-uri - Stack Overflow,11,10/21/14 22:25,10/21/14 22:25
190,http://stackoverflow.com/questions/15792402/post-with-ruby-best-practise-and-how-to?lq=1,POST with ruby best practise and how to - Stack Overflow,11,10/21/14 22:25,10/21/14 22:25
191,http://stackoverflow.com/questions/1805710/check-if-url-is-valid-ruby,check if url is valid ruby - Stack Overflow,11,10/21/14 22:30,10/21/14 22:30
192,http://stackoverflow.com/questions/16106546/does-ruby-1-9-3-have-keyword-arguments,Does ruby 193 have keyword arguments - Stack Overflow,11,10/21/14 22:45,10/21/14 22:45
193,http://stackoverflow.com/questions/9102499/no-named-parameters-in-ruby,No named parameters in Ruby - Stack Overflow,11,10/21/14 22:45,10/21/14 22:45
194,http://stackoverflow.com/questions/136505/searching-for-uuids-in-text-with-regex,Searching for UUIDs in text with regex - Stack Overflow,11,10/21/14 22:50,10/21/14 22:50
195,http://stackoverflow.com/questions/2236675/how-do-i-test-a-whole-string-against-regex-in-ruby,How do I test a WHOLE string against regex in ruby - Stack Overflow,11,10/21/14 23:20,10/21/14 23:20
196,http://stackoverflow.com/questions/6043108/ruby-initialize-vs-class-body,Ruby initialize vs class body - Stack Overflow,11,10/21/14 23:20,10/21/14 23:20
197,http://stackoverflow.com/questions/8125946/class-constructors-in-ruby,Class constructors in Ruby - Stack Overflow,11,10/21/14 23:30,10/21/14 23:30
198,http://stackoverflow.com/questions/1017103/code-header-for-proprietary-code,legal - Code header for proprietary code - Stack Overflow,11,10/21/14 23:40,10/21/14 23:40
199,http://stackoverflow.com/questions/13690051/how-to-add-copyright-information-in-each-file-of-rails-app,ruby - How to add copyright information in each file of Rails app - Stack Overflow,11,10/21/14 23:40,10/21/14 23:40
200,http://stackoverflow.com/questions/12878343/pushing-key-value-pairs-into-a-hash,ruby - Pushing Key-Value Pairs into a Hash - Stack Overflow,11,10/22/14 0:40,10/22/14 0:40
201,http://stackoverflow.com/questions/15034262/how-to-push-keys-and-values-into-an-empty-hash-w-ruby,How to push keys and values into an empty hash w Ruby - Stack Overflow,11,10/22/14 0:50,10/22/14 0:50
202,http://stackoverflow.com/questions/24078300/ruby-negative-condition-in-while-statement,Ruby - negative condition in while statement - Stack Overflow,11,10/23/14 10:40,10/23/14 10:40
203,http://stackoverflow.com/questions/11090999/rest-api-generic-or-specific-resources,REST API - Generic or specific resources - Stack Overflow,11,10/23/14 12:40,10/23/14 12:40
204,http://stackoverflow.com/questions/671118/what-exactly-is-restful-programming,http - What exactly is RESTful programming - Stack Overflow,11,10/23/14 12:40,10/23/14 12:40
205,http://stackoverflow.com/questions/2001773/understanding-rest-verbs-error-codes-and-authentication/2022938#2022938,web services - Understanding REST Verbs error codes and authentication - Stack Overflow,11,10/23/14 12:45,10/23/14 12:45
206,http://stackoverflow.com/questions/16795999/how-to-implement-complex-queries-with-a-rest-api,How to implement complex queries with a REST api - Stack Overflow,11,10/23/14 12:55,10/23/14 12:55
207,http://stackoverflow.com/questions/13110147/rest-and-complex-search-queries,java - REST and complex search queries - Stack Overflow,11,10/23/14 12:55,10/23/14 12:55
208,http://stackoverflow.com/questions/4024271/rest-api-best-practices-where-to-put-parameters/4026505#4026505,REST API Best practices Where to put parameters - Stack Overflow,11,10/23/14 13:00,10/23/14 13:00
209,http://stackoverflow.com/questions/4044391/rest-get-verb-with-parameters,REST GET verb with parameters - Stack Overflow,11,10/23/14 13:00,10/23/14 13:00
210,http://stackoverflow.com/questions/2080402/what-if-i-want-to-implement-a-complicated-query-in-rest,What if I want to implement a complicated query in REST - Stack Overflow,11,10/23/14 13:05,10/23/14 13:05
211,http://stackoverflow.com/questions/4203686/how-can-i-deal-with-http-get-query-string-length-limitations-and-still-want-to-b,rest - How can I deal with HTTP GET query string length limitations and still want to be RESTful - Stack Overflow,11,10/23/14 13:10,10/23/14 13:10
212,http://stackoverflow.com/questions/13110147/rest-and-complex-search-queries?lq=1,java - REST and complex search queries - Stack Overflow,11,10/23/14 13:15,10/23/14 13:15
213,http://stackoverflow.com/questions/1274675/ruby-what-does-warray-mean,Ruby what does warray mean - Stack Overflow,11,10/23/14 13:35,10/23/14 13:35
214,http://www.nytimes.com/politics/first-draft/2014/10/23/?entry=3380&smid=fb-nytimes&smtyp=cur&bicmp=AD&bicmlukp=WT.mc_id&bicmst=1409232722000&bicmet=1419773522000,2014 October 23 - First Draft Political News Now - NYTimescom,5,10/23/14 14:20,10/23/14 14:20
215,http://www.nytimes.com/politics/first-draft/2014/10/23/?entry=mb-0,2014 October 23 - First Draft Political News Now - NYTimescom,5,10/23/14 14:20,10/23/14 14:20
216,http://stackoverflow.com/questions/4581376/how-to-exclude-an-array-of-ids-from-query-in-rails-using-activerecord,How to exclude an array of ids from query in Rails using ActiveRecord - Stack Overflow,11,10/23/14 14:45,10/23/14 14:45
217,http://stackoverflow.com/questions/5688386/where-can-i-find-good-arel-documentation,ruby on rails 3 - Where can I find good AREL documentation - Stack Overflow,11,10/23/14 14:50,10/23/14 14:50
218,http://stackoverflow.com/questions/2505067/class-self-idiom-in-ruby,metaclass - class  self idiom in Ruby - Stack Overflow,11,10/23/14 18:10,10/23/14 18:10
219,http://stackoverflow.com/questions/2291919/while-loading-webpage-undefined-method-request-uri-for,ruby - While loading webpage undefined method requesturi for  - Stack Overflow,11,10/23/14 18:25,10/23/14 18:25
220,http://stackoverflow.com/questions/4249609/form-content-type-for-a-json-http-post,Form content type for a json HTTP POST - Stack Overflow,11,10/23/14 18:25,10/23/14 18:25
221,http://stackoverflow.com/questions/10011810/http-post-form-in-ruby-with-custom-headers,HTTPpostform in Ruby with custom headers - Stack Overflow,11,10/23/14 18:35,10/23/14 18:35
222,http://stackoverflow.com/questions/12496906/padrino-sinatra-rack-test-post-does-not-fill-in-params,ruby - PadrinoSinatra Rack-Test POST does not fill in params - Stack Overflow,11,10/24/14 3:55,10/24/14 3:55
223,http://stackoverflow.com/questions/10166101/launching-a-web-server-inside-ruby-tests,rspec - Launching a web server inside ruby tests - Stack Overflow,11,10/24/14 3:55,10/24/14 3:55
224,http://stackoverflow.com/questions/11269224/ruby-https-post-with-headers,Ruby https POST with headers - Stack Overflow,11,10/24/14 12:40,10/24/14 12:40
225,http://stackoverflow.com/questions/20195088/how-to-spy-on-a-transaction-that-is-not-yet-committed-in-postgres-for-debugging,postgresql - How to spy on a transaction that is not yet committed in Postgres for debugging - Stack Overflow,11,10/24/14 12:55,10/24/14 12:55
226,http://stackoverflow.com/questions/5819760/testunit-rails-how-to-assert-one-number-is-greater-than-another-one,TestUnit Rails - How to assert one number is greater than another one - Stack Overflow,11,10/24/14 14:05,10/24/14 14:05
227,http://techcrunch.com/2014/10/24/google-rolls-out-an-invite-system-for-its-new-email-app-inbox-by-gmail/?ncid=rss&utm_source=feedburner&utm_medium=feed&utm_campaign=Feed%3A+Techcrunch+%28TechCrunch%29&utm_content=FaceBook,Google Rolls Out An Invite System For Its New Email App Inbox By Gmail  TechCrunch,2,10/24/14 21:50,10/24/14 21:50
228,http://techcrunch.com/2014/10/24/terminal/?ncid=rss&utm_source=feedburner&utm_medium=feed&utm_campaign=Feed%3A+Techcrunch+%28TechCrunch%29&utm_content=FaceBook,Terminals Containers Pioneer A New Way Of Developing Apps From The Cloud  TechCrunch,2,10/24/14 23:25,10/24/14 23:25
229,http://techcrunch.com/2014/10/20/oneplus-impressive-299-smartphone-will-finally-go-on-sale-to-all-but-only-for-an-hour/?ncid=rss&cps=gravity,OnePlus Impressive 299 Smartphone Will Finally Go On Sale To All  But Only For An Hour  TechCrunch,2,10/24/14 23:25,10/24/14 23:25
230,http://stackoverflow.com/search?q=invalid+data,Posts containing invalid data - Stack Overflow,11,10/25/14 1:00,10/25/14 1:00
231,http://stackoverflow.com/search?q=invalid+data+numeric,Posts containing invalid data numeric - Stack Overflow,11,10/25/14 1:00,10/25/14 1:00
232,http://stackoverflow.com/questions/20058403/avoiding-invalid-data-statements-on-conversion-to-numeric,sas - Avoiding invalid data statements on conversion to numeric - Stack Overflow,11,10/25/14 1:00,10/25/14 1:00
233,http://stackoverflow.com/questions/17815490/importing-data-with-invalid-characters-in-numeric-columns,excel - Importing data with invalid characters in numeric columns - Stack Overflow,11,10/25/14 1:15,10/25/14 1:15
234,http://stackoverflow.com/questions/23341047/mapbox-markers-dynamic-markers-on-one-layer,javascript - Mapbox Markers - Dynamic markers on one layer - Stack Overflow,11,10/25/14 18:25,10/25/14 18:25
235,http://stackoverflow.com/questions/11095986/isnumeric-with-postgresql,regex - isnumeric with PostgreSQL - Stack Overflow,11,10/25/14 18:40,10/25/14 18:40
236,http://stackoverflow.com/questions/5484084/what-literal-characters-should-be-escaped-in-a-regex,php - What literal characters should be escaped in a regex - Stack Overflow,11,10/25/14 18:50,10/25/14 18:50
237,http://stackoverflow.com/questions/13809173/postgres-alter-table-to-convert-column-type-from-char-to-bigint,postgresql - Postgres Alter table to convert column type from char to bigint - Stack Overflow,11,10/25/14 19:05,10/25/14 19:05
238,http://techcrunch.com/2010/09/22/google-analytics-for-apis-apigee-launches-premium-products/,Google Analytics For APIs Apigee Launches Premium Products  TechCrunch,2,10/25/14 20:20,10/25/14 20:20
239,http://stackoverflow.com/questions/17333994/how-to-copy-one-column-of-a-table-into-another-tables-column-in-postgresql-comp,sql - How to copy one column of a table into another tables column in PostGreSQL comparing same ID - Stack Overflow,11,10/25/14 21:10,10/25/14 21:10
240,http://stackoverflow.com/questions/10518258/typecast-string-to-integer-postgres,postgresql - typecast string to integer - Postgres - Stack Overflow,11,10/25/14 21:15,10/25/14 21:15
241,http://developer.nytimes.com/docs,Times Developer Network - APIs,5,10/25/14 21:20,10/25/14 21:20
242,http://stackoverflow.com/questions/1523446/is-it-possible-to-get-a-history-of-queries-made-in-postgres,database - Is it possible to get a history of queries made in postgres - Stack Overflow,11,10/25/14 21:50,10/25/14 21:50
243,http://stackoverflow.com/questions/17924906/where-is-psql-client-history-kept-psql-history-non-existant,postgresql - Where is psql client history kept psqlhistory non-existant - Stack Overflow,11,10/25/14 21:50,10/25/14 21:50
244,http://stackoverflow.com/questions/19643232/formating-a-phone-number-in-the-postresql-query,sql - formating a phone number in the postresql query - Stack Overflow,11,10/25/14 22:15,10/25/14 22:15
245,http://stackoverflow.com/questions/6090732/delete-files-from-git-index-when-they-are-already-deleted-from-fs,filesystems - Delete files from git index when they are already deleted from fs - Stack Overflow,11,10/26/14 5:25,10/26/14 5:25
246,http://stackoverflow.com/questions/6004453/how-to-remove-multiple-deleted-files-in-git-repository,How to remove multiple deleted files in Git repository - Stack Overflow,11,10/26/14 5:30,10/26/14 5:30
247,http://stackoverflow.com/questions/15708916/use-rvmrc-or-ruby-version-file-to-set-a-project-gemset-with-rvm,Use rvmrc or ruby-version file to set a project gemset with RVM - Stack Overflow,11,10/26/14 14:40,10/26/14 14:40
248,http://stackoverflow.com/questions/7304576/how-do-i-set-up-the-database-yml-file-in-rails,ruby - How do I set up the databaseyml file in Rails - Stack Overflow,11,10/26/14 14:40,10/26/14 14:40
249,http://stackoverflow.com/questions/12688478/ruby-script-connect-to-mysql2-using-database-yml-without-rails,yaml - Ruby script connect to Mysql2 using databaseyml without Rails - Stack Overflow,11,10/26/14 14:40,10/26/14 14:40
250,http://stackoverflow.com/questions/4525482/in-sinatraruby-how-should-i-create-global-variables-which-are-assigned-values,In SinatraRuby how should I create global variables which are assigned values only once in the application lifetime - Stack Overflow,11,10/26/14 14:45,10/26/14 14:45
251,http://stackoverflow.com/questions/14409349/sinatra-config-ru-what-is-the-configure-block-for,ruby - sinatra configru what is the configure block for - Stack Overflow,11,10/26/14 14:45,10/26/14 14:45
252,http://techcrunch.com/2014/04/09/nycs-flatiron-school-raises-5-5-million-to-teach-people-to-code-for-a-living/?utm_campaign=fb&ncid=fbhttp://,NYCs Flatiron School Raises 55 Million To Teach People To Code For A Living  TechCrunch,2,10/26/14 14:50,10/26/14 14:50
253,http://stackoverflow.com/questions/1247125/how-to-get-sinatra-to-auto-reload-the-file-after-each-change,ruby - How to get Sinatra to auto-reload the file after each change - Stack Overflow,11,10/26/14 15:30,10/26/14 15:30
254,http://stackoverflow.com/questions/13113096/how-to-round-an-average-to-2-decimal-places-in-postgresql,ruby - How to round an average to 2 decimal places in PostgreSQL - Stack Overflow,11,10/26/14 15:50,10/26/14 15:50
255,http://stackoverflow.com/questions/10806024/how-can-i-give-sinatra-a-catchall-default-route,ruby - How can I give Sinatra a catchall default route - Stack Overflow,11,10/26/14 21:40,10/26/14 21:40
256,http://stackoverflow.com/questions/16096859/dynamic-hash-ruby-on-rails,Dynamic hash - Ruby on Rails - Stack Overflow,11,10/26/14 21:40,10/26/14 21:40
257,http://stackoverflow.com/questions/19781051/rendering-404-in-sinatra-if-file-not-found,ruby - Rendering 404 in sinatra if file not found - Stack Overflow,11,10/26/14 21:45,10/26/14 21:45
258,http://stackoverflow.com/questions/4589968/ruby-rails-how-to-check-if-a-var-is-an-integer,Ruby Rails - how to check if a var is an Integer - Stack Overflow,11,10/26/14 22:55,10/26/14 22:55
259,http://stackoverflow.com/questions/11466988/ruby-convert-string-to-integer-or-float,ruby convert string to integer or float - Stack Overflow,11,10/26/14 23:40,10/26/14 23:40
260,http://stackoverflow.com/questions/5064563/add-line-break-to-git-commit-m-from-command-line,bash - Add line break to git commit -m from command line - Stack Overflow,11,10/31/14 20:10,10/31/14 20:10
261,http://stackoverflow.com/questions/16951894/paging-results-with-sequel-on-sinatra,will paginate - paging results with SEQUEL on Sinatra - Stack Overflow,11,10/27/14 0:15,10/27/14 0:15
262,http://stackoverflow.com/questions/7109971/sinatra-access-control-allow-origin-for-sinatra-public-folder,html - Sinatra access-control-allow-origin for sinatra public folder - Stack Overflow,11,10/27/14 1:30,10/27/14 1:30
263,http://stackoverflow.com/questions/4351904/sinatra-options-http-verb,Sinatra OPTIONS HTTP Verb - Stack Overflow,11,10/27/14 1:40,10/27/14 1:40
264,http://stackoverflow.com/questions/1954633/accessing-files-in-the-same-directory-as-script,ruby - Accessing files in the same directory as script - Stack Overflow,11,10/27/14 13:50,10/27/14 13:50
265,http://stackoverflow.com/questions/5202008/ruby-on-rails-custom-migration-generator,gem - Ruby on Rails Custom Migration Generator - Stack Overflow,11,10/27/14 17:10,10/27/14 17:10
266,http://stackoverflow.com/questions/21717827/how-to-get-all-dates-in-sequence-for-a-group-by-query,sql - How to get all dates in sequence for a group by query - Stack Overflow,11,10/27/14 19:35,10/27/14 19:35
267,http://stackoverflow.com/users/2565593/steve-midgley,User Steve Midgley - Stack Overflow,11,10/27/14 19:35,10/27/14 19:35
268,http://stackoverflow.com/users/131874/clodoaldo-neto,User Clodoaldo Neto - Stack Overflow,11,10/27/14 19:35,10/27/14 19:35
269,http://stackoverflow.com/help/badges,Badges - Stack Overflow,11,10/27/14 19:35,10/27/14 19:35
270,http://stackoverflow.com/users/1144035/gordon-linoff,User Gordon Linoff - Stack Overflow,11,10/27/14 19:35,10/27/14 19:35
271,http://stackoverflow.com/users/1144035/gordon-linoff?tab=answers,User Gordon Linoff - Stack Overflow,11,10/27/14 19:35,10/27/14 19:35
272,http://www.nytimes.com/2014/10/26/fashion/the-etiquette-for-having-your-friends-befriend-each-other.html?smid=fb-nytimes&smtyp=cur&bicmp=AD&bicmlukp=WT.mc_id&bicmst=1409232722000&bicmet=1419773522000&_r=0,The Etiquette for Having Your Friends Befriend Each Other - NYTimescom,5,10/27/14 20:30,10/27/14 20:30
273,http://stackoverflow.com/questions/4980877/rails-error-couldnt-parse-yaml,rails error couldnt parse YAML - Stack Overflow,11,10/27/14 21:00,10/27/14 21:00
274,http://stackoverflow.com/questions/8859930/using-activerecord-migrations-for-a-non-rails-application-what-are-the-steps/9450343#9450343,java - Using activerecord migrations for a non-rails application what are the steps - Stack Overflow,11,10/27/14 21:10,10/27/14 21:10
275,http://stackoverflow.com/questions/9910795/utf8-postgresql-create-database-like-mysql-including-character-set-encoding-a,UTF8 Postgresql Create Database Like MySQL including character set encoding and lctype - Stack Overflow,11,10/27/14 21:10,10/27/14 21:10
276,http://stackoverflow.com/questions/1432384/error-when-trying-to-create-database-with-rails-rake-dbcreate,Error when trying to create database with Rails rake dbcreate - Stack Overflow,11,10/27/14 21:10,10/27/14 21:10
277,http://stackoverflow.com/questions/15071491/how-to-use-collate-option-with-rails3-migration,ruby on rails 3 - How to use collate option with rails3 migration - Stack Overflow,11,10/27/14 21:10,10/27/14 21:10
278,http://stackoverflow.com/questions/7907210/why-did-rails-active-record-migration-generate-collate-utf8-bin-on-varchar-colum,Why did Rails Active Record migration generate COLLATE utf8bin on varchar columns of mysql - Stack Overflow,11,10/27/14 21:10,10/27/14 21:10
279,http://stackoverflow.com/questions/23336755/activerecordadapternotspecified-database-configuration-does-not-specify-adapte,ruby - ActiveRecordAdapterNotSpecified database configuration does not specify adapter - Stack Overflow,11,10/27/14 21:55,10/27/14 21:55
280,http://stackoverflow.com/questions/825748/how-do-i-pass-command-line-arguments-to-a-rake-task,ruby - How do I pass command line arguments to a rake task - Stack Overflow,11,10/27/14 22:50,10/27/14 22:50
281,http://stackoverflow.com/questions/151014/best-way-to-get-result-count-before-limit-was-applied-in-php-postgresql,sql - Best way to get result count before LIMIT was applied in PHPPostgreSQL - Stack Overflow,11,10/28/14 1:25,10/28/14 1:25
282,http://stackoverflow.com/questions/21670747/what-user-will-ansible-run-my-commands-as,python - What user will Ansible run my commands as - Stack Overflow,11,10/28/14 18:05,10/28/14 18:05
283,http://stackoverflow.com/tags,Tags - Stack Overflow,11,10/28/14 22:55,10/28/14 22:55
284,http://stackoverflow.com/questions/tagged/javascript,Frequent javascript Questions - Stack Overflow,11,10/28/14 22:55,10/28/14 22:55
285,http://stackoverflow.com/questions/19292899/creating-a-new-user-and-password-with-ansible,bash - Creating a new user and password with Ansible - Stack Overflow,11,10/28/14 23:20,10/28/14 23:20
286,http://stackoverflow.com/questions/23945201/how-to-run-only-one-task-in-ansible-playbook,hadoop - How to run only one task in ansible playbook - Stack Overflow,11,10/28/14 23:30,10/28/14 23:30
287,http://stackoverflow.com/questions/10359437/sendmail-how-to-configure-sendmail-on-ubuntu,configuration - sendmail how to configure sendmail on ubuntu - Stack Overflow,11,10/29/14 4:10,10/29/14 4:10
288,http://stackoverflow.com/questions/22115936/install-bundler-gem-using-ansible,ruby - Install Bundler gem using Ansible - Stack Overflow,11,10/29/14 5:50,10/29/14 5:50
289,http://stackoverflow.com/questions/11058952/why-do-i-get-an-error-installing-the-json-gem-in-ubuntu,ruby on rails - Why do I get an error installing the JSON gem in Ubuntu - Stack Overflow,11,10/29/14 5:55,10/29/14 5:55
290,http://stackoverflow.com/questions/3116015/how-to-install-gem-pg-on-ubuntu,ruby on rails - How to install gem pg on Ubuntu - Stack Overflow,11,10/29/14 6:00,10/29/14 6:00
291,http://stackoverflow.com/questions/17409910/how-to-start-rails-server-in-production-mode-using-unicorn-and-config-file,How to start rails server in production mode using unicorn and config file - Stack Overflow,11,10/29/14 6:00,10/29/14 6:00
292,http://stackoverflow.com/questions/23133850/how-to-install-gems-for-rbenv-using-ansible,bundler - how to install gems for rbenv using Ansible - Stack Overflow,11,10/29/14 22:20,10/29/14 22:20
293,http://stackoverflow.com/questions/9764126/how-to-configure-postgresql-postgresql-conf-listen-addresses-for-multiple-ip-add,How to configure postgresql postgresqlconf listenaddresses for multiple ip addresses - Stack Overflow,11,10/30/14 2:45,10/30/14 2:45
294,http://stackoverflow.com/questions/1406025/no-pg-hba-conf-entry-for-host,perl - no pghbaconf entry for host - Stack Overflow,11,10/30/14 2:55,10/30/14 2:55
295,http://stackoverflow.com/questions/23375740/pgconnectionbad-fe-sendauth-no-password-supplied,ruby on rails - PGConnectionBad fesendauth no password supplied - Stack Overflow,11,10/30/14 3:05,10/30/14 3:05
296,http://stackoverflow.com/questions/22704025/rake-aborted-pgconnectionbad-fe-sendauth-no-password-supplied-tasks-top,ruby on rails - rake aborted PGConnectionBad fesendauth no password supplied Tasks TOP  dbmigrate See full trace by running task with --trace - Stack Overflow,11,10/30/14 3:05,10/30/14 3:05
297,http://stackoverflow.com/questions/11301650/how-to-escape-indicator-characters-i-e-or-in-yaml,delimiter - How to escape indicator characters ie  or -  in YAML - Stack Overflow,11,10/30/14 3:15,10/30/14 3:15
298,http://stackoverflow.com/questions/11011271/what-does-the-proxy-pass-option-in-the-nginx-config-do,django - What does the proxypass option in the NGINX config do - Stack Overflow,11,10/30/14 4:00,10/30/14 4:00
299,http://www.nytimes.com/2014/10/26/opinion/sunday/the-disheartening-gamergate-campaign.html?_r=0,The Disheartening GamerGate Campaign - NYTimescom,5,10/31/14 2:15,10/31/14 2:15
300,http://www.nytimes.com/2014/10/31/upshot/why-the-us-has-fallen-behind-in-internet-speed-and-affordability.html?smid=nytcore-ipad-share&smprod=nytcore-ipad,Why the US Has Fallen Behind in Internet Speed and Affordability - NYTimescom,5,10/31/14 4:15,10/31/14 4:15
301,http://www.nytimes.com/2014/10/31/upshot/why-the-us-has-fallen-behind-in-internet-speed-and-affordability.html?smid=nytcore-ipad-share&smprod=nytcore-ipad&abt=0002&abg=0,Why the US Has Fallen Behind in Internet Speed and Affordability - NYTimescom,5,10/31/14 4:15,10/31/14 4:15
302,http://www.nytimes.com/2014/11/02/education/edlife/legally-high-marijuana-on-campus-colorado.html?smid=fb-nytimes&smtyp=cur&bicmp=AD&bicmlukp=WT.mc_id&bicmst=1409232722000&bicmet=1419773522000,Legally High at a Colorado Campus - NYTimescom,5,10/31/14 4:15,10/31/14 4:15
303,http://stackoverflow.com/questions/4551465/is-it-possible-to-construct-dynamic-aggregate-columns-in-an-arel-query-that-uses,sql - Is it possible to construct dynamic aggregate columns in an ARel query that uses a join - Stack Overflow,11,10/31/14 4:25,10/31/14 4:25
304,http://stackoverflow.com/questions/6084743/rails-activerecord-building-queries-dynamically,Rails ActiveRecord building queries dynamically - Stack Overflow,11,10/31/14 4:30,10/31/14 4:30
305,http://stackoverflow.com/questions/6885990/rails-params-explained,ruby - Rails params explained - Stack Overflow,11,10/31/14 4:30,10/31/14 4:30
306,http://stackoverflow.com/questions/18001951/ruby-on-rails-tutorial-confused-about-how-params-hash-works,Ruby on Rails Tutorial Confused about how Params hash works - Stack Overflow,11,10/31/14 4:30,10/31/14 4:30
307,http://stackoverflow.com/questions/3869493/is-there-a-good-solid-reference-for-proper-rdoc-syntax,ruby - Is there a good solid reference for proper RDoc syntax - Stack Overflow,11,10/31/14 4:40,10/31/14 4:40
308,http://stackoverflow.com/questions/584000/continuing-a-statement-on-the-next-line-with-a-comment,ruby on rails - Continuing a statement on the next line WITH A COMMENT - Stack Overflow,11,10/31/14 5:15,10/31/14 5:15
309,http://stackoverflow.com/questions/21514784/error-building-capybara-webkit,ubuntu 1204 - Error building capybara-webkit - Stack Overflow,11,10/31/14 19:20,10/31/14 19:20
310,http://stackoverflow.com/questions/1279779/what-is-the-difference-between-r-and-n,special characters - What is the difference between r and n - Stack Overflow,11,10/31/14 20:10,10/31/14 20:10
311,http://stackoverflow.com/questions/11557985/why-use-an-api-key-and-secret,security - Why use an API key and secret - Stack Overflow,11,10/31/14 20:35,10/31/14 20:35
312,http://stackoverflow.com/questions/2674445/how-do-api-keys-and-secret-keys-work,security - How do API Keys and Secret Keys work - Stack Overflow,11,10/31/14 20:40,10/31/14 20:40
313,http://stackoverflow.com/questions/12943594/is-it-possible-to-show-the-exact-position-in-sublime-text-2,python - Is it possible to show the exact position in Sublime Text 2 - Stack Overflow,11,10/31/14 23:35,10/31/14 23:35
314,http://stackoverflow.com/questions/20717902/parsing-a-csv-file-using-different-encodings-and-libraries,ruby - Parsing a CSV file using different encodings and libraries - Stack Overflow,11,11/1/14 0:05,11/1/14 0:05
315,http://stackoverflow.com/questions/4714001/in-rails-how-can-i-find-out-what-caused-a-save-to-fail-other-than-validatio,activerecord - In rails how can I find out what caused a save to fail other than validation errors - Stack Overflow,11,11/1/14 0:45,11/1/14 0:45
316,http://stackoverflow.com/questions/8485002/difference-between-savefalse-and-savevalidate-false,ruby on rails - Difference between savefalse and savevalidate  false - Stack Overflow,11,11/1/14 0:45,11/1/14 0:45
317,http://stackoverflow.com/questions/4499200/object-valid-returns-false-but-object-errors-full-messages-is-empty,ruby on rails - objectvalid returns false but objecterrorsfullmessages is empty - Stack Overflow,11,11/1/14 0:50,11/1/14 0:50
318,http://stackoverflow.com/questions/9725044/activerecord-parse-string-to-datetime,ruby on rails - ActiveRecord parse string to datetime - Stack Overflow,11,11/1/14 5:15,11/1/14 5:15
319,http://stackoverflow.com/questions/14042452/importing-csv-with-timestamp-column-dd-mm-yyyy-hh-mm-ss-using-psql-copy,postgresql - Importing csv with timestamp column ddmmyyyy hhmmss using psql copy - Stack Overflow,11,11/1/14 5:15,11/1/14 5:15
320,http://stackoverflow.com/questions/1023484/how-do-i-alter-the-date-format-in-postgres,postgresql - How do I alter the date format in Postgres - Stack Overflow,11,11/1/14 5:15,11/1/14 5:15
321,http://stackoverflow.com/questions/12690373/postgresql-merge-time-and-date-of-csv-on-import-to-timestamp,Postgresql - merge time and date of csv on import to timestamp - Stack Overflow,11,11/1/14 5:15,11/1/14 5:15
322,http://stackoverflow.com/questions/11795184/run-minitest-programatically,ruby - run minitest programatically - Stack Overflow,11,11/1/14 5:30,11/1/14 5:30
323,http://stackoverflow.com/questions/10991971/is-it-possible-to-have-a-one-line-each-block-in-ruby,Is it possible to have a one line each block in Ruby - Stack Overflow,11,11/1/14 17:50,11/1/14 17:50
324,http://stackoverflow.com/questions/10672570/rails-arel-grouping-and-counting-with-associations,Rails arel grouping and counting with associations - Stack Overflow,11,11/1/14 18:20,11/1/14 18:20
325,http://stackoverflow.com/questions/6832566/postgresql-group-by-timestamp-values,sql - PostgreSQL - GROUP BY timestamp values - Stack Overflow,11,11/1/14 18:30,11/1/14 18:30
326,http://stackoverflow.com/questions/10286204/the-right-json-date-format,javascript - The right JSON Date format - Stack Overflow,11,11/1/14 18:50,11/1/14 18:50
327,http://stackoverflow.com/questions/15778828/start-unicorn-app-server-when-the-ubuntu-server-starts,ruby on rails - start unicorn app server when the ubuntu server starts - Stack Overflow,11,11/2/14 4:15,11/2/14 4:15
328,http://stackoverflow.com/questions/17951051/how-to-run-a-command-as-a-specific-user-in-an-init-script,linux - How to run a command as a specific user in an init script - Stack Overflow,11,11/2/14 4:20,11/2/14 4:20
329,http://stackoverflow.com/questions/21525933/rails-application-not-responding-on-digitalocean-with-unicorn-nginx-combination,ubuntu - Rails application not responding on DigitalOcean with Unicornnginx combination - Stack Overflow,11,11/2/14 4:45,11/2/14 4:45
330,http://stackoverflow.com/questions/20428751/how-can-i-tell-if-an-object-is-a-date-y-type-of-object-in-ruby-convertable-to,How can I tell if an object is a date-y type of object in Ruby convertable to a unix timestamp - Stack Overflow,11,11/2/14 17:40,11/2/14 17:40
331,http://stackoverflow.com/questions/19643444/ruby-datetime-parsing-from-mm-dd-yyyy-format,ruby DateTime parsing from mmddyyyy format - Stack Overflow,11,11/2/14 18:35,11/2/14 18:35
332,http://stackoverflow.com/questions/279769/convert-to-from-datetime-and-time-in-ruby,Convert tofrom DateTime and Time in Ruby - Stack Overflow,11,11/2/14 18:35,11/2/14 18:35
333,http://stackoverflow.com/questions/6327396/set-time-part-of-datetime-in-ruby,Set time part of DateTime in ruby - Stack Overflow,11,11/2/14 19:05,11/2/14 19:05
334,http://stackoverflow.com/questions/4749963/what-is-the-best-way-to-stop-a-unicorn-server-process-from-running,ruby on rails - What is the best way to stop a Unicorn Server process from running - Stack Overflow,11,11/2/14 22:15,11/2/14 22:15
335,http://stackoverflow.com/questions/9510593/why-does-ruby-script-stop-when-trying-to-start-unicorn-rails-as-daemon,Why does ruby script stop when trying to start unicornrails as daemon - Stack Overflow,11,11/2/14 22:15,11/2/14 22:15
336,http://stackoverflow.com/questions/4911607/is-it-possible-to-set-env-variables-for-rails-development-environment-in-my-code,Is it possible to set ENV variables for rails development environment in my code - Stack Overflow,11,11/2/14 23:00,11/2/14 23:00
337,http://stackoverflow.com/questions/6727370/using-chrome-javascript-debugger-how-to-break-on-page-loading-events,debugging - Using Chrome JavaScript Debugger  How to break on page loading events - Stack Overflow,11,11/3/14 0:05,11/3/14 0:05
338,http://stackoverflow.com/questions/7560532/what-can-i-put-in-beforeunload,javascript - what can i put in beforeUnload - Stack Overflow,11,11/3/14 0:05,11/3/14 0:05
339,http://stackoverflow.com/users/43816/brian-fisher,User Brian Fisher - Stack Overflow,11,11/3/14 0:20,11/3/14 0:20
340,http://stackoverflow.com/questions/8330979/jquery-unload-with-an-ajax-call-not-working-in-chrome,javascript - jQuery unload with an AJAX call not working in Chrome - Stack Overflow,11,11/3/14 0:20,11/3/14 0:20
341,http://stackoverflow.com/questions/4285042/can-jquery-ajax-load-image,asynchronous - Can jquery ajax load image - Stack Overflow,11,11/3/14 4:00,11/3/14 4:00
342,http://stackoverflow.com/questions/4804567/how-google-ga-js-is-working,referer - How google gajs is working - Stack Overflow,11,11/3/14 4:05,11/3/14 4:05
343,http://stackoverflow.com/questions/3534524/how-does-the-embedded-google-analytics-javascript-work,How does the embedded Google Analytics Javascript work - Stack Overflow,11,11/3/14 4:15,11/3/14 4:15
344,http://stackoverflow.com/questions/1076815/using-onbeforeunload-event-with-google-analytics-to-record-page-exits-and-theref,Using onbeforeunload event with Google Analytics to record page exits and therefore more accurately record user time on page  site - Stack Overflow,11,11/3/14 4:20,11/3/14 4:20
345,http://stackoverflow.com/questions/3515365/why-activerecordbase-connected-is-false-after-calling-establish-connection,ruby - Why ActiveRecordBaseconnected is false after calling establishconnection - Stack Overflow,11,11/3/14 17:10,11/3/14 17:10
346,http://stackoverflow.com/questions/4483049/how-to-execute-a-raw-update-sql-with-dynamic-binding-in-rails,activerecord - How to execute a raw update sql with dynamic binding in rails - Stack Overflow,11,11/3/14 17:15,11/3/14 17:15
347,http://stackoverflow.com/questions/7543779/ruby-json-parse-changes-hash-keys,Ruby JSON parse changes Hash keys - Stack Overflow,11,11/3/14 17:45,11/3/14 17:45
348,http://stackoverflow.com/questions/5195859/push-a-tag-to-a-remote-repository-using-git,Push a tag to a remote repository using Git - Stack Overflow,11,11/3/14 21:10,11/3/14 21:10
349,http://stackoverflow.com/questions/9533172/adding-contact-form-to-a-static-website,html - Adding contact form to a static website - Stack Overflow,11,11/3/14 21:30,11/3/14 21:30
350,http://stackoverflow.com/questions/119286/catching-line-numbers-in-ruby-exceptions,Catching line numbers in ruby exceptions - Stack Overflow,11,11/4/14 4:40,11/4/14 4:40
351,http://stackoverflow.com/questions/8842546/best-way-to-pretty-print-a-hash,ruby - Best way to pretty print a hash - Stack Overflow,11,11/4/14 6:00,11/4/14 6:00
352,http://techcrunch.com/2014/11/04/amazons-prime-members-start-to-get-benefits-from-other-digital-stores/,Amazons Prime Members Start To Get Benefits From Other Digital Stores  TechCrunch,2,11/4/14 18:20,11/4/14 18:20
353,http://techcrunch.com/2014/11/04/google-launches-managed-service-for-running-docker-based-applications-on-its-cloud-platform/?ncid=rss&cps=gravity,Google Launches Managed Service For Running Docker-Based Applications On Its Cloud Platform  TechCrunch,2,11/4/14 18:20,11/4/14 18:20
354,http://www.nytimes.com/2014/11/05/us/politics/midterm-elections.html?action=click&pgtype=Homepage&module=span-abc-region&region=span-abc-region&WT.nav=span-abc-region&_r=0,Election Results Republicans Win Senate Control With at Least 7 New Seats - NYTimescom,5,11/5/14 13:45,11/5/14 13:45
355,http://www.nytimes.com/2014/11/05/us/politics/voters-second-thoughts-on-hope-and-change-.html?action=click&contentCollection=Politics&region=Footer&module=MoreInSection&pgtype=article,Voters Second Thoughts on Hope and Change - NYTimescom,5,11/5/14 13:45,11/5/14 13:45
356,http://www.nytimes.com/2014/11/05/us/politics/higher-minimum-wages-prove-popular-in-fla-marijuana-is-less-so.html?contentCollection=us&action=click&module=NextInCollection&region=Footer&pgtype=article,Higher Minimum Wage Passes in 4 States Florida Defeats Marijuana Measure - NYTimescom,5,11/5/14 13:45,11/5/14 13:45
357,https://account.washingtonpost.com/actmgmt/registration/ereplica/login/default,The Washington Post Welcome,10,11/5/14 13:45,11/5/14 13:45
358,https://ssl.washingtonpost.com/securedrop,SecureDrop - The Washington Post,10,11/5/14 13:45,11/5/14 13:45
359,http://www.washingtonpost.com/,Washington Post Breaking News World US DC News  Analysis,10,11/5/14 13:50,11/5/14 13:50
360,http://www.washingtonpost.com/local/dc-politics/dc-voters-set-to-legalize-but-advocates-plead-no-public-pot-party-in-nations-capital/2014/11/04/b91dbb1a-6427-11e4-9fdc-d43b053ecb4d_story.html,DC voters set to legalize but advocates plead No public pot party in nations capital - The Washington Post,10,11/5/14 13:50,11/5/14 13:50
361,http://www.washingtonpost.com/politics/an-unhappy-electorate-is-toughest-on-obama-and-the-democrats/2014/11/04/919884a6-6465-11e4-9fdc-d43b053ecb4d_story.html,An unhappy electorate is toughest on Obama and the Democrats - The Washington Post,10,11/5/14 13:50,11/5/14 13:50
362,http://www.washingtonpost.com/news/morning-mix/wp/2014/11/05/meet-mia-love-youll-be-seeing-a-lot-more-of-the-republicans-first-black-congresswoman/?tid=hp_mm,Meet Mia Love Youll be seeing a lot more of the Republicans first black congresswoman - The Washington Post,10,11/5/14 13:50,11/5/14 13:50
363,http://www.washingtonpost.com/politics/new-faces-to-washington-or-bigger-roles-bright-prospects-for-the-next-congress/2014/10/31/566f19e6-60f8-11e4-9f3a-7e28799e0549_gallery.html,New faces to Washington Or bigger roles Bright prospects for the next Congress - The Washington Post,10,11/5/14 13:50,11/5/14 13:50
364,http://techcrunch.com/2014/11/04/police-finally-arrest-the-third-and-final-founder-of-the-pirate-bay/,Police Finally Arrest The Third And Final Founder Of The Pirate Bay  TechCrunch,2,11/5/14 20:35,11/5/14 20:35
365,http://techcrunch.com/2014/11/04/google-drops-some-of-its-cloud-computing-prices-again/?ncid=rss&utm_source=feedburner&utm_medium=feed&utm_campaign=Feed%3A+Techcrunch+%28TechCrunch%29&utm_content=FaceBook,Google Drops Some Of Its Cloud Computing Prices  Again  TechCrunch,2,11/5/14 22:00,11/5/14 22:00
366,http://stackoverflow.com/,Stack Overflow,11,11/6/14 1:05,11/6/14 1:05
367,http://stackoverflow.com/search?q=automatic+updates,Posts containing automatic updates - Stack Overflow,11,11/6/14 1:05,11/6/14 1:05
368,http://stackoverflow.com/questions/18525927/best-practices-for-keeping-the-web-server-data-protected,security - Best practices for keeping the web server data protected - Stack Overflow,11,11/6/14 1:10,11/6/14 1:10
369,http://techcrunch.com/2014/11/05/red-hot-labs-launches-toro/,FarmVille Co-Creators Launch Toro To Help Developers Market Their Apps On Facebook  TechCrunch,2,11/6/14 1:45,11/6/14 1:45
370,http://stackoverflow.com/questions/2437390/serving-static-files-with-sinatra,ruby - Serving static files with Sinatra - Stack Overflow,11,11/6/14 2:40,11/6/14 2:40
371,http://stackoverflow.com/questions/2727979/how-to-do-a-post-redirect-get-using-sinatra,ruby - How to do a PostRedirectGet using Sinatra - Stack Overflow,11,11/6/14 2:55,11/6/14 2:55
372,http://stackoverflow.com/questions/4190297/how-to-make-a-layout-template-in-sinatra,How to make a layout template in Sinatra - Stack Overflow,11,11/6/14 3:10,11/6/14 3:10
373,http://www.npr.org/2014/11/05/310761037/daily-show-colbert-find-little-to-joke-about-on-election-night?utm_source=facebook.com&utm_medium=social&utm_campaign=npr&utm_term=nprnews&utm_content=202505,Daily Show Colbert Strain To Lampoon Democratic Losses  NPR,4,11/6/14 4:45,11/6/14 4:45
374,http://www.theverge.com/2014/5/22/5742556/is-the-kairos-smartwatch-too-good-to-be-true,Is the Kairos smartwatch too good to be true  The Verge,7,11/6/14 12:55,11/6/14 12:55
375,http://stackoverflow.com/questions/3099904/how-do-i-do-multiple-lines-of-ruby-in-html-erb-file,How do I do multiple lines of Ruby in htmlerb file - Stack Overflow,11,11/6/14 13:35,11/6/14 13:35
376,http://stackoverflow.com/questions/1338960/ruby-templates-how-to-pass-variables-into-inlined-erb,Ruby templates How to pass variables into inlined ERB - Stack Overflow,11,11/6/14 13:40,11/6/14 13:40
377,http://stackoverflow.com/questions/6737889/passing-parameters-to-erb-view,ruby - Passing parameters to erb view - Stack Overflow,11,11/6/14 13:40,11/6/14 13:40
378,http://stackoverflow.com/questions/15935718/how-do-i-implement-and-use-eyecons-bootstrap-datepicker,javascript - How do I implement and use eyecons bootstrap-datepicker - Stack Overflow,11,11/6/14 13:55,11/6/14 13:55
379,http://stackoverflow.com/questions/7297338/how-to-add-records-to-has-many-through-association-in-rails,activerecord - how to add records to hasmany through association in rails - Stack Overflow,1,11/11/14 7:25,11/11/14 7:25
380,http://techcrunch.com/2014/11/06/sf-engineer-dan-ha-has-been-missing-since-halloween-night/?ncid=rss&utm_source=feedburner&utm_medium=feed&utm_campaign=Feed%3A+Techcrunch+%28TechCrunch%29&utm_content=FaceBook,SF Engineer Dan Ha Has Been Missing Since Halloween Night  TechCrunch,2,11/11/14 7:25,11/11/14 7:25
381,http://stackoverflow.com/questions/5786779/using-nethttp-get-for-an-https-url,ruby - Using NetHTTPget for an https url - Stack Overflow,1,11/11/14 7:25,11/11/14 7:25
382,http://arstechnica.com/tech-policy/2014/11/silk-road-2-0-infiltrated-from-the-start-sold-8m-per-month-in-drugs/,Silk Road 20 infiltrated from the start sold 8M per month in drugs  Ars Technica,6,11/11/14 7:25,11/11/14 7:25
383,http://arstechnica.com/science/2014/11/chimps-plan-for-their-morning-meals-helping-fuel-their-big-brains/,Chimps plan for their morning meals helping fuel their big brains  Ars Technica,6,11/11/14 7:25,11/11/14 7:25
384,http://arstechnica.com/security/2014/11/verizon-asks-customers-for-their-passwords-in-twitter-direct-messages/,Verizon contacted me on Twitter and asked for my billing password  Ars Technica,6,11/11/14 7:25,11/11/14 7:25
385,http://arstechnica.com/tech-policy/2014/10/cop-charged-with-stealing-nude-pics-from-womens-phones/,Cop charged with stealing nude pics from womens phones  Ars Technica,6,11/11/14 7:25,11/11/14 7:25
386,http://arstechnica.com/tech-policy/2014/11/man-sentenced-to-a-year-in-jail-for-firing-laser-50-times-at-police-plane/,Man sentenced to a year in jail for firing laser 50 times at police plane  Ars Technica,6,11/11/14 7:25,11/11/14 7:25
387,http://arstechnica.com/tech-policy/2014/05/blinding-light-the-us-crackdown-on-not-so-harmless-laser-strikes/,Blinding light The US crackdown on not-so-harmless laser strikes  Ars Technica,6,11/11/14 7:25,11/11/14 7:25
388,http://arstechnica.com/tech-policy/2014/10/man-who-lasered-boeing-737-gets-a-mere-4-months-community-detention/,Man sentenced for lasering plane with 118 passengers aboard  Ars Technica,6,11/11/14 7:25,11/11/14 7:25
389,http://arstechnica.com/gadgets/2014/10/feet-on-with-rocketskates-which-are-exactly-what-they-sound-like/,Feet-on with RocketSkates which are exactly what they sound like  Ars Technica,6,11/11/14 7:25,11/11/14 7:25
390,http://arstechnica.com/business/2014/10/microsoft-wraps-up-its-layoffs-with-another-3000-cuts/,Microsoft wraps up its layoffs with another 3000 cuts  Ars Technica,6,11/11/14 7:25,11/11/14 7:25
391,http://arstechnica.com/information-technology/2014/11/where-have-you-been-your-smartphones-wi-fi-is-telling-everyone/,Whereve you been Your smartphones Wi-Fi is telling everyone  Ars Technica,6,11/11/14 7:25,11/11/14 7:25
392,http://arstechnica.com/staff/2014/07/op-ed-microsoft-layoff-e-mail-typifies-inhuman-corporate-insensitivity/,Op-Ed Microsoft layoff e-mail typifies inhuman corporate insensitivity  Ars Technica,6,11/11/14 7:25,11/11/14 7:25
393,http://arstechnica.com/information-technology/2014/10/study-comcast-and-verizon-connections-to-cogent-dropped-below-0-5mbps/,Study Comcast and Verizon connections to Cogent dropped below 05Mbps  Ars Technica,6,11/11/14 7:25,11/11/14 7:25
394,http://stackoverflow.com/questions/7415982/how-do-i-get-the-current-date-time-in-dd-mm-yyyy-hhmm-format,ruby - How do I get the current Datetime in DDMMYYYY HHMM format - Stack Overflow,1,11/11/14 7:25,11/11/14 7:25
395,http://stackoverflow.com/questions/6982692/html5-input-type-date-default-value-to-today,HTML5 Input Type Date -- Default Value to Today - Stack Overflow,1,11/11/14 7:25,11/11/14 7:25
396,http://stackoverflow.com/questions/7569978/forking-an-apache-license-v2-open-source-project-and-copyright-notices,licensing - Forking an Apache License v2 open source project and copyright notices - Stack Overflow,1,11/11/14 7:25,11/11/14 7:25
397,http://stackoverflow.com/questions/318144/what-is-the-difference-between-include-and-require-in-ruby,What is the difference between include and require in Ruby - Stack Overflow,1,11/11/14 7:25,11/11/14 7:25
398,http://stackoverflow.com/questions/735073/best-way-to-require-all-files-from-a-directory-in-ruby,Best way to require all files from a directory in ruby - Stack Overflow,1,11/11/14 7:25,11/11/14 7:25
399,http://stackoverflow.com/questions/1983792/how-to-process-a-large-activerecord-result-set-in-groups,ruby on rails - How to process a large ActiveRecord result set in groups - Stack Overflow,1,11/11/14 7:25,11/11/14 7:25
400,http://stackoverflow.com/questions/5954543/parsing-a-ruby-array,Parsing a Ruby Array - Stack Overflow,1,11/11/14 7:25,11/11/14 7:25
401,http://stackoverflow.com/questions/4477127/ruby-parsing-a-string-representation-of-nested-arrays-into-an-array,regex - Ruby Parsing a string representation of nested arrays into an Array - Stack Overflow,1,11/11/14 7:25,11/11/14 7:25
402,http://stackoverflow.com/questions/5733222/rails-how-to-use-find-or-create,ruby - Rails - How to use Find Or Create - Stack Overflow,1,11/11/14 7:25,11/11/14 7:25
403,http://stackoverflow.com/questions/252203/checking-if-a-variable-is-not-nil-and-not-zero-in-ruby,Checking if a variable is not nil and not zero in ruby - Stack Overflow,1,11/11/14 7:25,11/11/14 7:25
404,http://stackoverflow.com/questions/13208729/ruby-assign-output-of-a-function-only-if-it-does-not-return-nil,variable assignment - Ruby Assign output of a function only if it does not return nil - Stack Overflow,1,11/11/14 7:25,11/11/14 7:25
405,http://meta.stackoverflow.com/questions/276222/why-is-this-java-question-marked-as-a-duplicate-of-this-c-question?cb=1,Why is this Java question marked as a duplicate of this C question - Meta Stack Overflow,11,11/11/14 7:25,11/11/14 7:25
406,http://stackoverflow.com/review/suggested-edits/6099702,Review Suggested Edits - Stack Overflow,1,11/11/14 7:25,11/11/14 7:25
407,http://stackoverflow.com/questions/12206600/how-to-speed-up-insertion-performance-in-postgresql,sql - How to speed up insertion performance in postgresql - Stack Overflow,1,11/11/14 7:25,11/11/14 7:25
408,http://stackoverflow.com/questions/9407442/optimise-postgresql-for-fast-testing/9407940#9407940,sql - Optimise PostgreSQL for fast testing - Stack Overflow,1,11/11/14 7:25,11/11/14 7:25
409,http://stackoverflow.com/questions/22444531/ruby-gui-support-on-osx-mavericks-not-shoes-or-ruby-motion-plus-osx-app-packag,user interface - Ruby GUI support on OSX Mavericks Not Shoes or Ruby Motion plus OSX app package support - Stack Overflow,1,11/11/14 7:25,11/11/14 7:25
410,http://stackoverflow.com/questions/24553936/ruby-gui-development-on-mac-linux-and-windows,Ruby GUI Development on MacLinux and Windows - Stack Overflow,1,11/11/14 7:25,11/11/14 7:25
411,http://techcrunch.com/2013/01/06/after-disappearing-for-more-than-3-years-why-the-lucky-stiff-returns-to-the-internet/,After Disappearing For More Than 3 Years Why The Lucky Stiff Returns To The Internet  TechCrunch,2,11/11/14 7:25,11/11/14 7:25
412,http://stackoverflow.com/questions/5899227/view-multi-core-or-mlti-cpu-utlization-on-linux,multicore - view multi-core or mlti-cpu utlization on linux - Stack Overflow,1,11/11/14 7:25,11/11/14 7:25
413,http://stackoverflow.com/questions/4130364/does-ruby-have-a-string-startswithabc-built-in-method,Does Ruby have a stringstartswithabc built in method - Stack Overflow,1,11/11/14 7:25,11/11/14 7:25
414,http://stackoverflow.com/questions/8817927/ruby-divisible-by-4,modulo - Ruby divisible by 4 - Stack Overflow,1,11/11/14 7:25,11/11/14 7:25
415,http://stackoverflow.com/questions/10039039/why-self-method-of-module-cannot-become-a-singleton-method-of-class,ruby - Why self method of module cannot become a singleton method of class - Stack Overflow,1,11/11/14 7:25,11/11/14 7:25
416,http://stackoverflow.com/questions/4041902/what-does-pre-do-in-gem-install-rails-pre,ruby - What does --pre do in gem install rails --pre - Stack Overflow,1,11/11/14 7:25,11/11/14 7:25
417,http://stackoverflow.com/questions/800122/best-way-to-convert-strings-to-symbols-in-hash,ruby - Best way to convert strings to symbols in hash - Stack Overflow,1,11/11/14 7:25,11/11/14 7:25
418,http://stackoverflow.com/questions/16409008/ruby-parsing-hash,arrays - Ruby Parsing Hash - Stack Overflow,1,11/11/14 7:25,11/11/14 7:25
419,http://stackoverflow.com/questions/8103976/how-to-parse-a-string-representation-of-a-hash,ruby - How to parse a string representation of a hash - Stack Overflow,1,11/11/14 7:25,11/11/14 7:25
420,http://stackoverflow.com/questions/1986386/check-if-value-exists-in-array-in-ruby,check if value exists in array in Ruby - Stack Overflow,1,11/11/14 7:25,11/11/14 7:25
421,http://stackoverflow.com/questions/6410812/creating-an-md5-hash-of-a-number-string-array-or-hash-in-ruby,Creating an md5 hash of a number string array or hash in Ruby - Stack Overflow,1,11/11/14 7:25,11/11/14 7:25
422,http://stackoverflow.com/questions/10841390/example-of-a-prepared-insert-statement-using-ruby-pg-gem,postgresql - Example of a prepared INSERT statement using ruby pg gem - Stack Overflow,1,11/11/14 7:25,11/11/14 7:25
423,http://stackoverflow.com/questions/4954969/rails-3-migrations-adding-reference-column,activerecord - Rails 3 migrations Adding reference column - Stack Overflow,1,11/11/14 7:25,11/11/14 7:25
424,http://stackoverflow.com/questions/4109651/how-to-reflect-in-the-database-a-new-belongs-to-and-has-many-relationship-in-rub,How to reflect in the database a new belongsto and hasmany relationship in Ruby on Rails - Stack Overflow,1,11/11/14 7:25,11/11/14 7:25
425,http://stackoverflow.com/questions/17829041/upsert-in-postgres-ruby,pg - Upsert in Postgres Ruby - Stack Overflow,1,11/11/14 7:25,11/11/14 7:25
426,http://stackoverflow.com/questions/4908413/how-to-initialize-an-array-in-one-step-using-ruby,How to initialize an array in one step using Ruby - Stack Overflow,1,11/11/14 7:25,11/11/14 7:25
427,http://stackoverflow.com/questions/17870010/how-to-get-the-id-of-the-row-inserted-from-pgresult,database - How to get the id of the row inserted from PGResult - Stack Overflow,1,11/11/14 7:25,11/11/14 7:25
428,http://stackoverflow.com/questions/5130822/ruby-on-rails-json-parse-unexpected-token-error,Ruby on Rails JSONparse unexpected token error - Stack Overflow,1,11/11/14 7:30,11/11/14 7:30
429,http://stackoverflow.com/questions/20385767/finding-the-cause-of-a-memory-leak-in-ruby,Finding the cause of a memory leak in Ruby - Stack Overflow,1,11/11/14 7:30,11/11/14 7:30
430,http://stackoverflow.com/questions/9497187/ruby-check-if-variable-has-length,Ruby check if variable has length - Stack Overflow,1,11/11/14 7:30,11/11/14 7:30
431,http://stackoverflow.com/questions/10068018/memory-size-of-a-hash-or-other-object,ruby - Memory size of a hash or other object - Stack Overflow,1,11/11/14 7:30,11/11/14 7:30
432,http://stackoverflow.com/questions/23598090/enumerating-a-postgres-result-set-in-ruby,postgresql - Enumerating a Postgres result set in Ruby - Stack Overflow,1,11/11/14 7:30,11/11/14 7:30
433,http://stackoverflow.com/questions/8054503/storing-encrypted-data-in-postgres,postgresql - Storing encrypted data in Postgres - Stack Overflow,1,11/11/14 7:30,11/11/14 7:30
434,http://stackoverflow.com/questions/11426336/using-padrino-and-datamapper-to-access-an-existing-database,ruby - Using Padrino and DataMapper to access an existing Database - Stack Overflow,1,11/11/14 7:30,11/11/14 7:30
435,http://stackoverflow.com/questions/11073124/adding-an-orm-to-an-existing-padrino-application,ruby - Adding an ORM to an existing padrino application - Stack Overflow,1,11/11/14 7:30,11/11/14 7:30
436,http://stackoverflow.com/questions/1402757/how-to-break-out-from-a-ruby-block,How to break out from a ruby block - Stack Overflow,1,11/11/14 7:30,11/11/14 7:30
437,http://stackoverflow.com/questions/18501347/postgresql-insert-into-where-not-exists-using-sqlalchemys-insert-from-select,python - Postgresql - Insert into where not exists using sqlalchemys INSERT from SELECT - Stack Overflow,1,11/11/14 7:30,11/11/14 7:30
438,http://stackoverflow.com/questions/5678227/how-can-i-run-a-command-five-times-using-ruby,How can I run a command five times using Ruby - Stack Overflow,1,11/11/14 7:30,11/11/14 7:30
439,http://stackoverflow.com/questions/471416/how-do-you-write-a-migration-to-rename-an-activerecord-model-and-its-table-in-ra,How do you write a migration to rename an ActiveRecord model and its table in Rails - Stack Overflow,1,11/11/14 7:30,11/11/14 7:30
440,http://stackoverflow.com/questions/2974057/move-data-from-one-table-to-another-postgresql-edition,sql - move data from one table to another postgresql edition - Stack Overflow,1,11/11/14 7:30,11/11/14 7:30
441,http://www.nytimes.com/2014/11/09/world/despite-cia-fears-thomas-mchale-port-authority-officer-kept-sources-with-ties-to-iran-attacks.html?smprod=nytcore-ipad&smid=nytcore-ipad-share&_r=0,Port Authority Officer Kept Sources With Ties to Iran Attacks - NYTimescom,5,11/11/14 7:30,11/11/14 7:30
442,http://www.nytimes.com/2014/11/09/opinion/sunday/dark-money-helped-win-the-senate.html?smid=fb-share&_r=0,Dark Money Helped Win the Senate - NYTimescom,5,11/11/14 7:30,11/11/14 7:30
443,http://www.washingtonpost.com/opinions/elizabeth-warren-its-time-to-work-on-americas-agenda/2014/11/07/984da7b6-669c-11e4-9fdc-d43b053ecb4d_story.html,Elizabeth Warren Its time to work on Americas agenda - The Washington Post,10,11/11/14 7:30,11/11/14 7:30
444,http://stackoverflow.com/questions/198460/how-to-get-a-random-number-in-ruby,How to get a random number in Ruby - Stack Overflow,1,11/11/14 7:30,11/11/14 7:30
445,http://stackoverflow.com/questions/1329967/tell-ruby-program-to-wait-some-amount-of-time,sleep - Tell Ruby Program to Wait some amount of time - Stack Overflow,1,11/11/14 7:30,11/11/14 7:30
446,http://techcrunch.com/author/greg-kumparak/,Greg Kumparak - Editor MobileCrunch - TechCrunch Staff,2,11/11/14 7:30,11/11/14 7:30
447,http://techcrunch.com/2014/11/06/lets-call-the-amazon-echo-what-it-is/?ncid=rss&cps=gravity,Lets Call The Amazon Echo What It Is  TechCrunch,2,11/11/14 7:30,11/11/14 7:30
448,http://techcrunch.com/2012/08/21/5-ways-to-learn-code-from-the-comfort-of-your-own-browser/,5 Ways To Learn Code From The Comfort Of Your Own Browser  TechCrunch,2,11/11/14 7:30,11/11/14 7:30
449,http://stackoverflow.com/questions/7465842/bash-init-start-service-under-specific-user,linux - Bash init - start service under specific user - Stack Overflow,1,11/11/14 7:30,11/11/14 7:30
450,http://techcrunch.com/2014/11/07/taylor-swift-explains-why-she-knew-spotify-was-trouble/?ncid=rss&cps=gravity,Taylor Swift Explains Why She Knew Spotify Was Trouble  TechCrunch,2,11/11/14 7:30,11/11/14 7:30
451,http://stackoverflow.com/questions/tagged/rugged,Frequent rugged Questions - Stack Overflow,1,11/11/14 7:30,11/11/14 7:30
452,http://stackoverflow.com/questions/984707/what-are-the-file-limits-in-git-number-and-size,What are the file limits in Git number and size - Stack Overflow,1,11/11/14 16:45,11/11/14 16:45
453,http://blog.stackoverflow.com/2014/11/announcing-bosun-our-new-open-source-monitoring-alerting-system/?cb=1,Announcing Bosun our new open source monitoring  alerting system  Blog  Stack Exchange,12,11/11/14 21:35,11/11/14 21:35
454,http://blog.stackoverflow.com/2009/03/it-stack-overflow-update-naming-is-hard/,IT Stack Overflow Update Naming is Hard  Blog  Stack Exchange,12,11/11/14 21:40,11/11/14 21:40
455,http://stackoverflow.com/questions/7353538/setting-up-an-github-commit-rss-feed,Setting up an Github Commit RSS feed - Stack Overflow,1,11/11/14 22:20,11/11/14 22:20
456,http://stackoverflow.com/questions/7399882/ruby-getting-path-from-pathfilename,directory - Ruby getting path from pathfilename - Stack Overflow,1,11/12/14 13:20,11/12/14 13:20
457,http://stackoverflow.com/questions/17369962/opensslsslsslerror-ssl-connect-returned-1-errno-0-state-unknown-state-unkn,ruby on rails - OpenSSLSSLSSLError SSLconnect returned1 errno0 stateunknown state unknown protocol - Stack Overflow,1,11/12/14 13:35,11/12/14 13:35
458,http://stackoverflow.com/questions/11059059/is-it-possible-to-enable-tls-v1-2-in-ruby-if-so-how,ssl - Is it possible to enable TLS v12 in Ruby If so how - Stack Overflow,1,11/12/14 13:35,11/12/14 13:35
459,http://stackoverflow.com/questions/9347599/error-stating-that-bcrypt-ruby-is-not-part-of-the-bundle-how-can-i-add-bcrypt,Error stating that bcrypt-ruby is not part of the bundle how can I add bcrypt-ruby to Gemfile - Stack Overflow,1,11/12/14 14:10,11/12/14 14:10
460,http://stackoverflow.com/questions/14795129/ruby-on-rails-monitoring-tools-on-own-servers,open source - Ruby on Rails monitoring tools on own servers - Stack Overflow,1,11/12/14 14:30,11/12/14 14:30
461,http://stackoverflow.com/questions/3877004/how-do-i-parse-a-yaml-file,ruby - How do I parse a YAML file - Stack Overflow,1,11/12/14 14:55,11/12/14 14:55
462,http://stackoverflow.com/questions/19500591/undefined-method-set-params-for-opensslsslsslcontext?lq=1,ruby on rails - undefined method setparams for OpenSSLSSLSSLContext - Stack Overflow,1,11/12/14 15:05,11/12/14 15:05
463,http://stackoverflow.com/questions/3818232/setting-sslcontext-options-in-ruby,ssl - setting SSLContext options in ruby - Stack Overflow,1,11/12/14 15:10,11/12/14 15:10
464,http://arstechnica.com/information-technology/2014/11/microsoft-open-sources-net-takes-it-to-linux-and-os-x/,Microsoft open sources NET takes it to Linux and OS X  Ars Technica,6,11/12/14 16:10,11/12/14 16:10
465,http://arstechnica.com/information-technology/2014/11/visual-studio-2015-goes-even-more-cross-platform-with-clang-android-emulator/,Visual Studio 2015 goes even more cross platform with clang Android emulator  Ars Technica,6,11/12/14 16:15,11/12/14 16:15
466,http://arstechnica.com/information-technology/2014/05/visual-studio-goes-cross-platform-with-cordova-integration-from-microsoft/,Visual Studio goes cross platform with Cordova integration from Microsoft  Ars Technica,6,11/12/14 19:20,11/12/14 19:20
467,http://stackoverflow.com/questions/15259199/anyone-get-working-ftps-ftptls-under-ruby-1-9-3,ssl - Anyone get working FTPSFTPTLS Under Ruby 193 - Stack Overflow,1,11/13/14 14:10,11/13/14 14:10
468,http://stackoverflow.com/questions/tagged/ssl?page=6&sort=active&pagesize=15,Recently Active ssl Questions - Page 6 - Stack Overflow,1,11/13/14 14:15,11/13/14 14:15
469,http://stackoverflow.com/questions/17375066/setting-restclient-ssl-version-to-sslv3,ruby on rails - Setting RestClient SSL version to SSLv3 - Stack Overflow,1,11/13/14 14:20,11/13/14 14:20
470,http://stackoverflow.com/questions/4528101/ssl-connect-returned-1-errno-0-state-sslv3-read-server-certificate-b-certificat,ruby on rails - SSLconnect returned1 errno0 stateSSLv3 read server certificate B certificate verify failed - Stack Overflow,1,11/13/14 17:35,11/13/14 17:35
471,http://stackoverflow.com/questions/14632197/simple-way-to-test-an-https-ssl-request-with-rspec,ruby - Simple way to test an HTTPS SSL request with RSpec - Stack Overflow,1,11/13/14 17:50,11/13/14 17:50
472,http://stackoverflow.com/questions/6785210/test-an-https-ssl-request-in-rspec-rails,Test an HTTPS SSL request in RSpec Rails - Stack Overflow,1,11/13/14 17:55,11/13/14 17:55
473,http://stackoverflow.com/questions/6785210/test-an-https-ssl-request-in-rspec-rails?rq=1,Test an HTTPS SSL request in RSpec Rails - Stack Overflow,1,11/13/14 18:10,11/13/14 18:10
474,http://stackoverflow.com/questions/15774187/sinatra-and-question-mark,ruby - Sinatra and question mark - Stack Overflow,1,11/13/14 20:05,11/13/14 20:05
475,http://stackoverflow.com/questions/4581075/how-make-a-http-get-request-using-ruby-on-rails,How make a HTTP GET request using Ruby on Rails - Stack Overflow,1,11/13/14 22:10,11/13/14 22:10
476,http://stackoverflow.com/questions/1252210/parametrized-get-request-in-ruby,Parametrized get request in Ruby - Stack Overflow,1,11/13/14 22:10,11/13/14 22:10
477,http://stackoverflow.com/questions/5349624/how-to-call-methods-dynamically-based-on-their-name,ruby - How to call methods dynamically based on their name - Stack Overflow,1,11/13/14 22:35,11/13/14 22:35
478,http://stackoverflow.com/questions/6741567/ruby-metaprogramming-dynamic-instance-variable-names,Ruby Metaprogramming dynamic instance variable names - Stack Overflow,1,11/13/14 22:55,11/13/14 22:55
479,http://stackoverflow.com/questions/7677736/git-diff-against-a-stash,Git diff against a stash - Stack Overflow,1,11/13/14 23:50,11/13/14 23:50
480,http://stackoverflow.com/questions/7785793/add-parameter-to-url,ruby - Add parameter to url - Stack Overflow,1,11/14/14 2:30,11/14/14 2:30
481,http://stackoverflow.com/questions/2500462/how-to-extract-url-parameters-from-a-url-with-ruby-or-rails,How to extract URL parameters from a URL with Ruby or Rails - Stack Overflow,1,11/14/14 2:50,11/14/14 2:50
482,http://stackoverflow.com/questions/659970/why-is-it-not-advisable-to-have-the-database-and-web-server-on-the-same-machine,security - Why is it not advisable to have the database and web server on the same machine - Stack Overflow,1,11/14/14 17:40,11/14/14 17:40
483,http://www.washingtonpost.com/news/technology/wp/2014/08/21/this-app-tells-you-how-much-time-you-are-spending-or-wasting-on-your-smartphone/,This app tells you how much time you are spending or wasting on your smartphone - The Washington Post,10,11/14/14 21:00,11/14/14 21:00
484,http://stackoverflow.com/questions/407006/need-to-load-the-whole-postgresql-database-into-the-ram,performance - Need to load the whole postgreSQL database into the RAM - Stack Overflow,1,11/14/14 21:55,11/14/14 21:55
485,http://stackoverflow.com/questions/18730106/use-postgresql-database-from-ram?rq=1,Use PostgreSQL database from RAM - Stack Overflow,1,11/14/14 21:55,11/14/14 21:55
486,http://stackoverflow.com/questions/1044566/implementing-background-image-for-a-href-in-css,html - Implementing background image for A HREF in CSS - Stack Overflow,1,11/15/14 15:10,11/15/14 15:10
487,http://stackoverflow.com/questions/11742946/get-the-number-of-rows-in-a-html-table,javascript - Get the number of rows in a HTML table - Stack Overflow,1,11/15/14 17:35,11/15/14 17:35
488,http://stackoverflow.com/questions/22201306/ansible-galaxy-roles-install-in-to-a-specific-directory,Ansible Galaxy roles install in to a specific directory - Stack Overflow,1,11/15/14 19:05,11/15/14 19:05
489,http://stackoverflow.com/questions/20432147/connecting-to-rds-postgres-from-remote-machine,postgresql - Connecting to RDS Postgres from remote machine - Stack Overflow,1,11/15/14 19:30,11/15/14 19:30
490,http://techcrunch.com/2014/11/15/as-developers-depart-google-glass-is-ready-to-become-this-eras-segway/,As Developers Depart Google Glass Is Ready To Become This Eras Segway  TechCrunch,2,11/16/14 21:15,11/16/14 21:15
